HF,XX,0.000263484,0.001545528,0.004531822,0.000240289,0.003398948,0.003865268,0.00567295,0.006220126,0.003382465,0.007469018,0.005784273,0.013060996,0.014115396,0.004266826,0.000690283,0.001474479,0.000250328,0.002195645,0.000540069,0.000774694,0.006576003,0.002740416,2.18349E-05,0.008811773,0.003535888,0.00788235,0.002323661,0.005524481,0.008532077,0.002256654,0.007416157,0.003893659,0.003753341,0.023550004,0.020229451,0.003319823,0.005535054,0.017498854,0.011832248,0.000881922,0.005645273,0.005840009,0.002878052,0.007105404,0.000542458,0.010207239,0.005346478,0.003496152,0.005544288,0.002912232,0.008192
HF,YY,0.000263484,0.001545528,0.004531822,0.000240289,0.003398948,0.004757692,0.000554746,0.006224946,0.003382465,0.007469018,0.005784273,0.013060996,0.002971544,0.001089556,0.000690231,0.001474479,0.000250328,0.002195645,0.000540069,0.000774694,0.006576003,0.002740416,2.18349E-05,0.008811773,0.000598735,0.005901267,0.002323661,0.005524481,0.008532077,0.002256654,0.007416157,0.003893659,0.003753321,0.023550004,0.020229451,0.003319823,0.005530091,0.017498854,0.011832248,0.000881922,0.005645273,0.002605228,0.002879636,0.007098075,0.000542458,0.006398584,0.005346478,0.003496152,0.005544288,0.002912232,0.008192
HF,ZZ,0.011797813,0.001545528,0.020718989,0.013400528,0.013944321,0.006542824,0.002178916,0.000816872,0.003863836,0.004116661,0.012613296,0.005422083,0.000607596,0.002780697,0.002446559,0.001474479,0.001588218,4.16298E-05,0.008670117,0.006726286,0.001123036,0.003110227,2.18349E-05,0.001533739,0.001307498,0.006911319,0.000690218,0.000820931,0.004783319,0.002256654,0.007813994,0.001716162,0.000550927,0.023550004,0.009547745,0.003319823,0.001947171,0.017498854,0.036028567,0.00028238,0.005645273,0.003760091,0.00539134,0.002316287,0.001501327,0.002070936,0.005346478,0.000323041,0.001056575,0.006795174,0.038881
MP2,XX,0.001559209,0.000548245,0.003827153,0.001553352,0.003086621,0.001404981,0.001212187,0.000971598,0.000497498,0.003101592,0.014959795,0.00082548,0.003161627,0.00132247,0.00018038,0.000894815,0.001749595,0.012258483,0.00207362,0.001525129,0.000498259,0.00029809,0,0.002143784,0.008039347,0.00397227,0.002758236,0.000975691,3.3337E-05,0.001269795,0.002626776,0.001739744,0.000927388,0.001098702,0.000728872,0.00090113,0.00071113,0.001119591,0.013191519,0.001497135,0.001220185,0.00191152,0.001019713,0.001999508,0.001178023,0.000486605,0.000322395,0.00132168,0.000484844,0.001361181,0.008216
MP2,YY,0.001559209,0.000548245,0.003827153,0.001553352,0.003086621,0.00141295,0.001364108,0.000974046,0.000497498,0.003101592,0.014959795,0.00082548,0.001693811,0.000910481,0.000177935,0.000894815,0.001749595,0.012255976,0.00207362,0.001525129,0.000498259,0.00029809,0,0.002143784,0.000709684,0.000641559,0.002758236,0.000975691,3.3337E-05,0.001269795,0.002626776,0.001739744,0.000925665,0.001098702,0.000728872,0.00090113,0.000716093,0.001119591,0.013191519,0.001497135,0.001220185,0.000617157,0.001023474,0.002000673,0.001178023,0.002176714,0.000322395,0.00132168,0.000484844,0.001361181,0.008216
MP2,ZZ,0.001198485,0.000548245,0.007743094,0.003298355,0.005359728,0.000999783,0.000751978,0.000266872,0.000502747,0.036137643,0.010887462,0.000747449,0.00029242,0.000513758,0.002850636,0.000894815,0.00020408,0.015266445,0.005105245,0.000738753,0.003766878,0.000990163,0,0.002056222,0.003480834,0.002339203,0.001371429,0.000446336,0.001282644,0.001269795,0.000784013,0.001460887,0.000535837,0.001098702,0.000371472,0.00090113,0.001563024,0.001119591,0.020607327,0.000428884,0.001220185,0.000941357,0.003786696,0.001292097,0.000593186,0.002526125,0.000322395,0.000480291,0.001421954,0.000309475,0.013906
CCSD,XX,0.001543727,0.000383699,0.000896289,0.000586987,0.001802973,0.000978633,0.001525665,8.62099E-06,0.001119289,0.000478253,0.000138314,3.89894E-05,0.000237844,0.001102027,0.00063327,0.000634417,0.000789084,0.000551825,0.000725558,0.000589897,0.001306773,0.000652122,0,0,0.000544494,0.001904729,0.001104169,0.000544187,0.000221611,0,0.001508645,0.000464588,0.000437992,0.001332602,0.001009785,0.00077904,0.000352716,0.000967689,0.003740235,0.001361923,0.000931994,0.001338282,0.001191401,0.002018033,0.000665115,0.002361956,7.00428E-05,0.000394012,0.001111154,0.000324778,0.000106
CCSD,YY,0.001543727,0.000383699,0.000896289,0.000586987,0.001802973,0.000311636,0.000748453,1.33834E-05,0.001119289,0.000478253,0.000138314,3.89894E-05,0.000591234,0.000523117,0.000631497,0.000634417,0.000788091,0.000551825,0.000725558,0.000589897,0.001306773,0.000652122,0,0,0.000843924,0.001433018,0.001104169,0.000544187,0.000221611,0,0.001508645,0.000464588,0.000433743,0.001332602,0.001009785,0.00077904,0.000357678,0.000967689,0.003740235,0.001361923,0.000931994,0.001092297,0.001183186,0.002012922,0.000665115,0.001383707,7.00428E-05,0.000394012,0.001111154,0.000324778,0.000106
CCSD,ZZ,0.001506028,0.000383699,0.001252599,0.000846582,0.001361249,8.08144E-05,4.42908E-05,0.000783416,0.001633733,0.001999787,0.001040525,0.001397661,0.000658349,0.000917602,0.001164884,0.000634417,0.000144093,0.001418995,0.002564517,0.001116265,0.000139355,0.000417235,0,0,0.000528708,0.001703251,0.000865269,0.000431397,0.001153542,0,0.001463745,0.001054163,0.000537411,0.001332602,0.000867865,0.00077904,0.000684722,0.000967689,0.003680626,0.000190442,0.000931994,0.001428442,0.001867969,0.001001016,0.000486194,0.000184805,7.00428E-05,0.000646939,0.00100344,0.000102739,0.001031
Slater,XX,0.019554551,0.011672847,0.045966654,0.045740246,0.025621066,0.032769026,0.021297075,0.016567697,0.016172663,0.01274113,0.017970218,0.018445269,0.023422461,0.028212804,0.016475175,0.016395466,0.012309141,0.014109894,0.015313747,0.009520265,0.012228821,0.012469698,0.080003385,0.044214437,0.015886038,0.021560223,0.017109399,0.015276224,0.015279591,0.034378479,0.017009004,0.016457841,0.020643423,0.021789277,0.0168846,0.022736443,0.013109897,0.014568901,0.004623383,0.020111077,0.013749175,0.021761788,0.016328715,0.01768062,0.010586912,0.01041856,0.019113361,0.014327634,0.021664127,0.018177566,0.084996128
Slater,YY,0.019554551,0.011672847,0.045966654,0.045740246,0.025621066,0.035059759,0.013606589,0.01656923,0.016172663,0.01274113,0.017970218,0.018445269,0.015952834,0.016598951,0.016475395,0.016395466,0.012309141,0.014109894,0.015313747,0.009520265,0.012228821,0.012469698,0.080003385,0.044214437,0.013216495,0.015410788,0.017109399,0.015276224,0.015279591,0.034378479,0.017009004,0.016457841,0.020643512,0.021789277,0.0168846,0.022736443,0.013104934,0.014568901,0.004623383,0.020111077,0.013749175,0.016419049,0.016327194,0.017690213,0.010586912,0.006797126,0.019113361,0.014327634,0.021664127,0.018177566,0.084996128
Slater,ZZ,0.001752157,0.011672847,0.022901523,0.006419784,0.011127075,0.016091777,0.00748609,0.029576487,0.011273774,0.01043608,0.00338255,0.007840965,0.007205747,0.025139472,0.029187304,0.016395466,0.004022897,0.011335803,0.016709537,0.002637119,0.00592872,0.00334749,0.080003385,0.044210841,0.009863314,0.018416471,0.006560854,0.004615294,0.008226618,0.034378479,0.015372863,0.011209708,0.017597993,0.021789277,0.005838364,0.022736443,0.008665249,0.014568901,0.031982981,0.00627729,0.013749175,0.022230273,0.025671506,0.0131451,0.008507853,0.008645322,0.019113361,0.01120521,0.020292561,0.0133738,0.013908436
SPW92,XX,0.006794789,0.005052063,0.027335202,0.02498042,0.012803448,0.018248546,0.011584731,0.004701962,0.007083606,0.003004463,0.006063369,0.005844775,0.006416685,0.014885837,0.006255052,0.006226222,0.004933915,0.004693968,0.006068679,0.002464299,0.006124638,0.004647988,0.062480439,0.025519069,0.005485706,0.009978908,0.006788891,0.0055001,0.005178618,0.024156928,0.009042962,0.005365293,0.006957843,0.000584458,0.004016561,0.013378988,0.004740739,0.011112851,0.020602195,0.008723073,0.008428753,0.011067417,0.006804977,0.007430629,0.003453239,0.003427172,0.007597697,0.005406187,0.011845249,0.006483016,0.038180119
SPW92,YY,0.006794789,0.005052063,0.027335202,0.02498042,0.012803448,0.014512503,0.004432347,0.004703319,0.007083606,0.003004463,0.006063369,0.005844775,0.004833449,0.006133783,0.006255097,0.006226222,0.004933915,0.004693968,0.006068679,0.002464299,0.006124638,0.004647988,0.062480439,0.025519069,0.003824904,0.007402399,0.006788891,0.0055001,0.005178618,0.024156928,0.009042962,0.005365293,0.006957843,0.000584458,0.004016561,0.013378988,0.004735776,0.011112851,0.020602195,0.008723073,0.008428753,0.006962973,0.006803425,0.007440278,0.003453239,0.00344625,0.007597697,0.005406187,0.011845249,0.006483016,0.038180119
SPW92,ZZ,0.003281632,0.005052063,0.002836478,0.004894789,0.004302762,0.004158609,0.002317804,0.015833674,0.00380791,0.004157875,0.009997436,0.001880544,0.000575805,0.012797313,0.01367691,0.006226222,0.001169558,0.006058243,0.010911213,4.43531E-05,0.00320535,0.000362423,0.062480439,0.026963922,0.003077714,0.00891032,0.001287953,0.001193523,0.002322809,0.024156928,0.008540858,0.00427052,0.00808362,0.000584458,0.001367764,0.013378988,0.003284457,0.011112851,0.010718125,0.002756335,0.008428753,0.00949913,0.010880305,0.006400853,0.004527017,0.002490247,0.007597697,0.004316733,0.008611356,0.004025682,0.036369297
B97-D3,XX,0.005316293,0.000566358,0.018309647,0.010067388,0.006408025,0.004441038,0.003014598,0.004526282,0.002049609,0.000632905,0.001730505,0.001594851,0.002739231,0.000171386,0.003136616,0.002442844,0.000577171,0.00059908,0.000875676,0.001747614,0.000644173,0.000570627,0.026972092,0.00587649,0.00059022,0.00269498,0.001355924,0.001500002,0.000614561,0.010245735,0.002818246,0.000113146,0.004599478,0.007279151,0.003466212,0.003567223,0.000162218,0.036932464,0.003320712,0.004855181,0.003326881,0.000127475,0.003266878,0.003598174,0.001675251,0.001594056,0.001889564,0.000491566,0.001086949,0.003237065,0.021846448
B97-D3,YY,0.005316293,0.000566358,0.018309647,0.010067388,0.006408025,0.004163612,0.003975076,0.004527636,0.002049609,0.000632905,0.001730505,0.001594851,0.001814539,0.003819,0.003136607,0.002442844,0.000577171,0.00059908,0.000875676,0.001747614,0.000644173,0.000570627,0.026972092,0.00587649,0.001638272,0.004525145,0.001355924,0.001500002,0.000614561,0.010245735,0.002818246,0.000113146,0.004599464,0.007279151,0.003466212,0.003567223,0.000157256,0.036932464,0.003320712,0.004855181,0.003326881,0.004367586,0.003265314,0.003605472,0.001675251,0.001903024,0.001889564,0.000491566,0.001086949,0.003237065,0.021846448
B97-D3,ZZ,7.17783E-05,0.000566358,0.003555244,0.004471566,0.005037626,0.00394032,0.002152809,0.002787407,0.002653385,0.00285592,0.011111873,0.002875136,0.002908785,0.000489346,0.00107992,0.002442844,0.000213073,0.002555276,0.008834773,0.000970761,0.001453246,0.000964049,0.026972092,0.012278946,0.001835719,0.00372849,0.002446352,0.001178949,0.001713359,0.010245735,0.00533129,0.003137541,0.004321719,0.007279151,0.003802013,0.003567223,0.000674322,0.036932464,0.016829472,0.002150436,0.003326881,0.004062419,0.00381117,0.004178099,0.001648268,0.001706821,0.001889564,0.001920835,0.005200276,0.002558496,0.037179515
BLYP,XX,0.007674037,0.006228816,0.016117963,0.014177122,0.011404025,0.010889125,0.008284704,0.00769878,0.006851985,0.003776305,0.006395508,0.0059627,0.006060701,0.012366766,0.008563,0.007248073,0.00585598,0.004955928,0.005754118,0.002882693,0.006157003,0.005037338,0.037594552,0.015197574,0.004299022,0.009804439,0.006012637,0.005850218,0.005232117,0.016334571,0.009533527,0.004943216,0.007433567,0.001441387,0.003107977,0.013337878,0.004919713,0.011297565,0.022521752,0.010784474,0.009277894,0.008270516,0.008909526,0.009414808,0.003612044,0.003415745,0.008263431,0.006248763,0.010278252,0.005843685,0.028848675
BLYP,YY,0.007674037,0.006228816,0.016117963,0.014177122,0.011404025,0.010068282,0.007574567,0.007700181,0.006851985,0.003776305,0.006395508,0.0059627,0.005889267,0.009993436,0.008563084,0.007248073,0.00585598,0.004955928,0.005754118,0.002882693,0.006157003,0.005037338,0.037594552,0.015197574,0.006388261,0.010381534,0.006012637,0.005850218,0.005232117,0.016334571,0.009533527,0.004943216,0.007433571,0.001441387,0.003107977,0.013337878,0.00491475,0.011297565,0.022521752,0.010784474,0.009277894,0.009746911,0.008907982,0.00942209,0.003612044,0.004426474,0.008263431,0.006248763,0.010278252,0.005843685,0.028848675
BLYP,ZZ,0.00024653,0.006228816,0.003798803,0.004255337,0.006272552,0.008893593,0.004407847,0.007660906,0.004349265,0.004919335,0.00740421,0.006465177,0.005820772,0.010676878,0.009446291,0.007248073,0.002416307,0.006771787,0.011954643,0.001516401,0.004227734,0.001504295,0.037594552,0.021906341,0.005246674,0.010206244,0.005456435,0.003642965,0.005273817,0.016334571,0.011285498,0.006598038,0.008590749,0.001441387,0.002291005,0.013337878,0.004145897,0.011297565,0.018844526,0.004803362,0.009277894,0.01026516,0.010751507,0.008167701,0.005357044,0.002744303,0.008263431,0.007365524,0.010532955,0.007682985,0.033841355
BPBE,XX,0.004104606,0.002166837,0.009677214,0.008890742,0.006341047,0.00508869,0.004459299,0.0015224,0.002142101,0.001339887,0.000798463,0.000137037,0.000439252,0.005729879,0.002628154,0.001706419,0.002012848,0.000270719,0.001271454,0.000832028,0.002824468,0.0011909,0.029394271,0.007313679,0.000690059,0.004195426,0.001519128,0.001513371,0.000210879,0.011983026,0.005088545,0.000378106,0.001352727,0.000166137,0.00409792,0.009264025,0.000486341,0.005417351,0.011332819,0.004912266,0.005991019,0.002699706,0.003362465,0.004373598,6.67689E-05,0.000367991,0.003567694,0.001418364,0.005312175,0.000901782,0.017377791
BPBE,YY,0.004104606,0.002166837,0.009677214,0.008890742,0.006341047,0.004313224,0.002891034,0.001523708,0.002142101,0.001339887,0.000798463,0.000137037,7.35562E-05,0.004139477,0.002624503,0.001706419,0.002012848,0.000270719,0.001271454,0.000832028,0.002824468,0.0011909,0.029394271,0.007313679,0.001174121,0.005598776,0.001519128,0.001513371,0.000210879,0.011983026,0.005088545,0.000378106,0.001352691,0.000166137,0.00409792,0.009264025,0.000481378,0.005417351,0.011332819,0.004912266,0.005991019,0.004534697,0.003360902,0.004383264,6.67689E-05,0.002461272,0.003567694,0.001418364,0.005312175,0.000901782,0.017377791
BPBE,ZZ,0.001501103,0.002166837,0.007735011,0.00312107,0.003647839,0.001981636,0.001463449,0.003014991,0.001486673,0.00136705,0.011724817,0.001715242,0.000651121,0.004660494,0.002945325,0.001706419,0.000138173,0.002888839,0.008976653,0.001311739,0.002283748,0.001159364,0.029394271,0.012913914,0.001583107,0.004986126,0.001285628,0.00075703,0.0013476,0.011983026,0.007379918,0.002900733,0.002913422,0.000166137,0.000564978,0.009264025,0.001077474,0.005417351,0.006922669,0.001981818,0.005991019,0.004443232,0.004147434,0.004599438,0.002776906,0.000588235,0.003567694,0.002573161,0.005525043,0.002002384,0.043431653
mPW91,XX,0.005412958,0.003164526,0.013087377,0.011602224,0.008062963,0.007567814,0.005881622,0.002916538,0.00352447,4.11777E-05,0.002384667,0.001856805,0.001557879,0.00771147,0.00411658,0.003148117,0.002983163,0.001583348,0.002586792,0.000158719,0.00375752,0.002236837,0.033934044,0.010622965,0.000852926,0.005839099,0.00292748,0.00274451,0.001653091,0.013773308,0.006366375,0.001194166,0.002975911,0.001917382,0.0023486,0.010688536,0.001705924,0.00405741,0.011496386,0.00651066,0.006895818,0.004507957,0.004863858,0.005697576,0.000971802,0.000741136,0.004983774,0.002666802,0.006937125,0.002386637,0.022248395
mPW91,YY,0.005412958,0.003164526,0.013087377,0.011602224,0.008062963,0.006226057,0.003832971,0.002917867,0.00352447,4.11777E-05,0.002384667,0.001856805,0.001649146,0.005520798,0.004116588,0.003148117,0.002983163,0.001583348,0.002586792,0.000158719,0.00375752,0.002236837,0.033934044,0.010622965,0.00242985,0.006856114,0.00292748,0.00274451,0.001653091,0.013773308,0.006366375,0.001194166,0.002973319,0.001917382,0.0023486,0.010688536,0.001700961,0.00405741,0.011496386,0.00651066,0.006895818,0.005853882,0.0048623,0.005704867,0.000971802,0.002885765,0.004983774,0.002666802,0.006937125,0.002386637,0.022248395
mPW91,ZZ,0.001207468,0.003164526,0.006589819,0.00193404,0.004112566,0.003474033,0.002056448,0.005202251,0.002286455,0.002228927,0.010722112,0.002669406,0.001651778,0.006558848,0.004981792,0.003148117,0.000637328,0.003754901,0.009625308,0.000776653,0.002731939,0.000649318,0.033934044,0.015920131,0.002376117,0.006424914,0.002036492,0.00129713,0.002150816,0.013773308,0.008378504,0.003698608,0.004615933,0.001917382,0.000696329,0.010688536,0.001769464,0.00405741,0.008596862,0.002948268,0.006895818,0.005991882,0.006031634,0.005477138,0.00338424,0.000310945,0.004983774,0.00367999,0.006691292,0.003305623,0.039499456
PBE,XX,0.007024459,0.004074856,0.016618498,0.014542441,0.00982658,0.010114688,0.007579512,0.003902605,0.005040756,0.001269473,0.003881353,0.003414393,0.003439324,0.010212342,0.005168195,0.004322561,0.004089315,0.002933377,0.003982227,0.001295773,0.004948664,0.003443423,0.038847637,0.013521561,0.002380492,0.00755702,0.004454314,0.004104678,0.00303568,0.015874867,0.007686457,0.002720363,0.00421238,0.003130713,0.000972801,0.012343722,0.002955794,0.003103642,0.014482504,0.007839653,0.007870616,0.006317312,0.005996965,0.006981736,0.002178095,0.00198129,0.006355159,0.003837387,0.00870212,0.003882984,0.026668475
PBE,YY,0.007024459,0.004074856,0.016618498,0.014542441,0.00982658,0.008900728,0.004720814,0.003907396,0.005040756,0.001269473,0.003881353,0.003414393,0.002914757,0.00628409,0.005168221,0.004322561,0.004089315,0.002933377,0.003982227,0.001295773,0.004948664,0.003443423,0.038847637,0.013521561,0.003527928,0.00787528,0.004454314,0.004104678,0.00303568,0.015874867,0.007686457,0.002720363,0.004212363,0.003130713,0.000972801,0.012343722,0.002950832,0.003103642,0.014482504,0.007839653,0.007870616,0.006917133,0.00599541,0.006989025,0.002178095,0.003305088,0.006355159,0.003837387,0.00870212,0.003882984,0.026668475
PBE,ZZ,0.000823287,0.004074856,0.005540162,0.002085255,0.004536065,0.00415121,0.002511377,0.007513821,0.003233821,0.003201417,0.010092179,0.003140054,0.002030972,0.008639647,0.007382405,0.004322561,0.000953865,0.004494635,0.010285653,0.000623205,0.003094055,0.000421879,0.038847637,0.018178058,0.003009431,0.007716456,0.00240809,0.001549268,0.002724081,0.015874867,0.00932811,0.004418191,0.005912959,0.003130713,0.000739294,0.012343722,0.00242855,0.003103642,0.010220077,0.003294767,0.007870616,0.007511347,0.007880257,0.00615359,0.003904593,0.001333837,0.006355159,0.00440618,0.007827507,0.004143199,0.038526014
B97M-V,XX,0.004696878,0.001024865,0.033643544,0.010617781,0.005120295,0.007310824,0.001811704,0.009522518,0.003435836,0.001868973,0.004573812,0.003429955,0.004041839,0.007186282,0.004073044,0.002817683,0.001531239,0.001885954,0.000478772,0.001905511,0.000705569,0.000702745,0.048180296,0.009001491,0.000259593,0.000289065,0.000174265,0.002639952,0.001155842,0.00098776,0.00080555,0.000225387,0.006527995,0.011283719,0.006811022,0.006821786,0.000284583,0.024015266,0.007577241,0.003380447,0.001287705,0.000161051,0.00168642,0.00231139,0.001739941,0.002640162,0.006711224,0.001575888,0.002817152,0.002960513,0.010923945
B97M-V,YY,0.004696878,0.001024865,0.033643544,0.010617781,0.005120295,0.011768692,0.007913046,0.009523946,0.003435836,0.001868973,0.004573812,0.003429955,0.0013674,0.006777274,0.004069423,0.002817683,0.001531239,0.001885954,0.000478772,0.001905511,0.000705569,0.000702745,0.048180296,0.009001491,0.002724638,0.002222463,0.000174265,0.002639952,0.001155842,0.00098776,0.00080555,0.000225387,0.006527993,0.011283719,0.006811022,0.006821786,0.000289546,0.024015266,0.007577241,0.003380447,0.001287705,0.003874444,0.001684851,0.002318692,0.001739941,0.000207783,0.006711224,0.001575888,0.002817152,0.002960513,0.010923945
B97M-V,ZZ,0.00349316,0.001024865,0.016828101,0.026220384,0.007598582,0.01300283,0.003925806,0.001961884,0.000748689,0.001056051,0.012703611,0.001373671,0.0054343,0.006224302,0.003235183,0.002817683,0.000767026,0.000567412,0.009564922,0.00056017,0.000198846,0.00117142,0.048180296,0.014979371,0.002478066,0.001371191,0.004638631,0.000224544,0.000676143,0.00098776,0.002415594,0.00233988,0.004474532,0.011283719,0.006327874,0.006821786,0.000423816,0.024015266,0.01884566,0.001561171,0.001287705,0.00312887,0.001455688,0.002541198,0.00072555,0.00108274,0.006711224,0.00091713,0.006460491,0.007665593,0.033761735
M06-L,XX,0.00397223,0.00229574,0.009716646,0.007017321,0.003077582,0.013166687,0.005280682,0.001007297,0.006889295,0.00738051,0.007035392,0.007634347,0.008911155,0.010762983,0.003392611,0.004425898,0.001776041,0.006307121,0.006303164,0.007177046,0.003946261,0.005093273,0.009733587,0.003950882,0.008674137,0.005821269,0.006950951,0.004820828,0.007325407,0.003055573,0.003732876,0.008447277,0.005280857,0.010691929,0.013435432,0.00426573,0.006844845,0.008588481,0.009951854,0.002262489,0.002144971,0.009169069,0.003782752,0.002324467,0.006935208,0.00717986,0.006720966,0.002778923,0.00722027,0.007693441,0.009887906
M06-L,YY,0.00397223,0.00229574,0.009716646,0.007017321,0.003077582,0.008864186,0.001084763,0.001006027,0.006889295,0.00738051,0.007035392,0.007634347,0.007027379,0.002457155,0.003392734,0.004425898,0.001776041,0.006307121,0.006303164,0.007177046,0.003946261,0.005093273,0.009733587,0.003950882,0.003804067,0.001975377,0.006950951,0.004820828,0.007325407,0.003055573,0.003732876,0.008447277,0.005280937,0.010691929,0.013435432,0.00426573,0.006849808,0.008588481,0.009951854,0.002262489,0.002144971,0.002024722,0.00378434,0.002317153,0.006935208,0.000542586,0.006720966,0.002778923,0.00722027,0.007693441,0.009887906
M06-L,ZZ,0.00153757,0.00229574,0.010160907,0.001621788,0.003406582,0.000253997,0.000208745,0.010025437,0.001598117,0.001878256,0.014834138,0.000299301,0.000885077,0.008237183,0.012562856,0.004425898,0.002513485,0.003111033,0.00658085,0.003480897,0.001019897,0.003443433,0.009733587,0.000634619,0.00101613,0.003823535,0.001006222,0.001216343,0.001038758,0.003055573,0.001740192,0.00055356,0.003673024,0.010691929,0.000513012,0.00426573,0.001814543,0.008588481,0.010639273,3.32269E-05,0.002144971,0.0043927,0.006406038,0.000369752,0.00138119,0.005048582,0.006720966,0.00274454,0.001780572,0.002377956,0.044750135
mBEEF,XX,0.001793164,0.001850277,0.00409687,0.003135248,0.001793751,0.002088373,0.000613296,0.003588934,0.002451502,0.004277793,0.001732189,0.001639442,0.003058952,0.003697519,0.000646616,0.00020817,0.001379566,0.002339358,0.002450051,0.003779046,0.001822183,0.001664925,0.019598127,0.003800635,0.003775659,0.00336626,0.002679681,0.000811872,0.002445109,0.007485354,0.001083063,0.003621968,0.000514597,0.004579638,0.000214299,0.001315568,0.002482902,0.004485031,0.014727783,0.001242136,0.000715944,0.004656475,0.000449178,0.000282207,0.003724495,0.005105179,0.002328704,0.002429397,0.001882136,0.003992893,0.005664
mBEEF,YY,0.001793164,0.001850277,0.00409687,0.003135248,0.001793751,0.000133666,0.003059934,0.003579932,0.002451502,0.004277793,0.001732189,0.001639442,0.002250469,0.002056782,0.000646563,0.00020817,0.001379566,0.002339358,0.002450051,0.003779046,0.001822183,0.001664925,0.019598127,0.003800635,0.000421811,0.000819687,0.002679681,0.000811872,0.002445109,0.007485354,0.001083063,0.003621968,0.000514555,0.004579638,0.000214299,0.001315568,0.002487865,0.004485031,0.014727783,0.001242136,0.000715944,0.001166136,0.000450754,0.000274898,0.003724495,0.001178862,0.002328704,0.002429397,0.001882136,0.003992893,0.005664
mBEEF,ZZ,0.001507983,0.001850277,0.002015395,0.007018581,0.00423864,0.00399212,0.001165238,0.001915011,0.001869143,0.002374749,0.014782746,6.70121E-06,0.001421537,0.001879846,0.00672771,0.00020817,0.001384198,0.001565506,0.007451551,0.001202221,1.81465E-05,0.001985944,0.019598127,0.008679495,0.000266501,0.000678138,0.001266677,0.000721761,0.000542877,0.007485354,0.001776079,0.000520918,0.002310471,0.004579638,0.002645604,0.001315568,0.001084309,0.004485031,0.006369328,0.000279567,0.000715944,0.000482278,0.003459715,0.000834451,0.0002987,0.001903841,0.002328704,0.001644197,0.002595706,0.001185131,0.041356
MGGA_MS2,XX,0.003218762,0.000173111,0.00138089,0.002203288,0.002676369,0.002246872,0.001136019,4.0409E-05,0.000600378,0.002604487,6.94935E-05,5.58004E-05,0.000548258,0.000197863,0.00014796,1.38414E-05,0.000749444,0.00112724,0.001189412,0.00188637,0.000242493,8.79691E-05,0.017298788,0.002421854,0.002295448,0.000516245,0.000855965,0.000715292,0.000859876,0.006669488,0.001651969,0.002209683,0.001147964,0.004488932,0.000494108,0.004939978,0.001110439,0.001534068,0.005879435,0.001758438,0.003353061,0.002814865,0.000893309,0.001631618,0.001712703,0.003406188,0.000454603,0.000183179,0.000603969,0.001553298,0.002716476
MGGA_MS2,YY,0.003218762,0.000173111,0.00138089,0.002203288,0.002676369,0.001155285,0.001389735,2.44122E-05,0.000600378,0.002604487,6.94935E-05,5.58004E-05,0.001996257,0.001592611,0.000147898,1.38414E-05,0.000749444,0.00112724,0.001189412,0.00188637,0.000242493,8.79691E-05,0.017298788,0.002421854,3.52156E-05,0.003199587,0.000855965,0.000715292,0.000859876,0.006669488,0.001651969,0.002209683,0.001148016,0.004488932,0.000494108,0.004939978,0.001115401,0.001534068,0.005879435,0.001758438,0.003353061,0.001815636,0.000891737,0.001638921,0.001712703,0.00087637,0.000454603,0.000183179,0.000603969,0.001553298,0.002716476
MGGA_MS2,ZZ,0.001090996,0.000173111,0.00625672,0.00334146,0.005394946,0.000339665,0.000133207,0.002298566,0.000287197,0.000416099,0.013996156,1.45067E-05,0.000574881,0.000626369,0.003317366,1.38414E-05,0.00114066,0.000440145,0.008872389,0.001198903,0.000560179,0.001737273,0.017298788,0.004738102,0.000709559,0.002121717,0.000567572,0.00085734,6.90193E-05,0.006669488,0.005023047,0.001837864,0.000948822,0.004488932,0.002513093,0.004939978,0.000372894,0.001534068,0.000465165,0.001089854,0.003353061,0.00143777,5.6059E-05,0.001501656,0.000746409,0.000599247,0.000454603,0.000193843,0.00282383,0.000958796,0.047986199
MN15-L,XX,0.017046342,0.003481942,0.02883414,0.017196777,0.010601691,0.01223023,0.004878497,0.017240178,0.007024789,0.009165522,0.013920647,0.01269777,0.015385344,0.012930655,0.010877115,0.008353721,0.004682051,0.008703641,0.003917714,0.00158868,0.000337221,0.005199115,0.043844934,0.014464708,0.006030434,0.003345374,0.005936694,0.008899201,0.008049116,1.32769E-05,0.001792933,0.006251595,0.012249352,0.039523992,0.035167212,0.010262147,0.004486521,0.050790535,0.018228469,0.006663141,0.001222015,0.006465694,0.005226443,0.005245423,0.001392212,0.00136952,0.010164284,0.00566554,0.007661557,0.007887232,0.024447159
MN15-L,YY,0.017046342,0.003481942,0.02883414,0.017196777,0.010601691,0.019066048,0.01262053,0.017241721,0.007024789,0.009165522,0.013920647,0.01269777,0.008665289,0.013235553,0.010877239,0.008353721,0.004682051,0.008703641,0.003917714,0.00158868,0.000337221,0.005199115,0.043844934,0.014464708,0.008611979,0.003385375,0.005936694,0.008899201,0.008049116,1.32769E-05,0.001792933,0.006251595,0.01224684,0.039523992,0.035167212,0.010262147,0.004481559,0.050790535,0.018228469,0.006663141,0.001222015,0.007779406,0.005224886,0.005255084,0.001392212,0.002308194,0.010164284,0.00566554,0.007661557,0.007887232,0.024447159
MN15-L,ZZ,0.009354402,0.003481942,0.024620706,0.031162821,0.012923283,0.020860992,0.006273102,0.007259188,0.00238406,0.00214012,0.010180847,0.004384621,0.008570452,0.010936691,0.012836175,0.008353721,0.000436842,0.001862982,0.012954537,0.001068107,0.000785966,0.000549588,0.043844934,0.016028625,0.006362414,0.003640412,0.006379817,0.001908848,0.003514918,1.32769E-05,0.002122355,0.005325915,0.007491814,0.039523992,0.012786911,0.010262147,0.003337297,0.050790535,0.039582842,0.002305756,0.001222015,0.007722016,0.006450201,0.004489032,0.002101574,9.32916E-05,0.010164284,0.00326565,0.011291807,0.014111191,0.025496682
revM06-L,XX,0.000272761,0.001037824,0.004528954,0.001816517,0.002100053,0.008624353,0.00276087,0.009862265,0.004079564,0.003633144,0.002171465,0.00309028,0.005498617,0.007476787,0.001275992,0.000181234,0.000646168,0.003404662,0.004894409,0.005352156,0.003019583,0.002967888,0.015177332,0.003801101,0.006056155,0.004842257,0.003986517,0.001925698,0.003631062,0.000310762,0.0026535,0.005594694,0.000838606,0.010864671,0.002204467,0.002214259,0.004136875,0.013098485,0.010896295,0.002310848,0.000547925,0.006960669,0.002735687,0.002496466,0.004876277,0.005955135,0.002408019,0.001463579,0.004771529,0.004947273,0.015468128
revM06-L,YY,0.000272761,0.001037824,0.004528954,0.001816517,0.002100053,0.000161463,0.008717878,0.009863699,0.004079564,0.003633144,0.002171465,0.00309028,0.003901787,0.002118658,0.001275951,0.000181234,0.000646168,0.003404662,0.004894409,0.005352156,0.003019583,0.002967888,0.015177332,0.003801101,0.000153957,0.002101457,0.003986517,0.001925698,0.003631062,0.000310762,0.0026535,0.005594694,0.000835995,0.010864671,0.002204467,0.002214259,0.004141837,0.013098485,0.010896295,0.002310848,0.000547925,0.000335637,0.002737271,0.002486762,0.004876277,3.27082E-05,0.002408019,0.001463579,0.004771529,0.004947273,0.015468128
revM06-L,ZZ,0.007971492,0.001037824,0.015022494,0.023540053,0.011389461,0.011446674,0.004126637,0.005868019,0.000427031,0.001011853,0.015125676,0.000267384,0.004932126,0.005549126,0.00906664,0.000181234,0.001686492,0.002902006,0.009743182,0.000807344,0.000630015,0.0011043,0.015177332,0.004957464,0.001452143,0.003195094,0.005009237,7.88849E-05,0.000147183,0.000310762,0.001035396,0.001203432,0.000432915,0.010864671,0.0100829,0.002214259,0.000120131,0.013098485,0.006563925,0.00046266,0.000547925,0.002373092,0.005554268,0.000245314,0.000531831,0.003774642,0.002408019,0.00156278,0.001936424,0.005467485,0.043067005
SCAN,XX,0.003366477,0.000893894,0.007637421,0.005966351,0.004000118,0.000121136,0.001354789,0.001822745,1.77119E-05,0.000551038,0.001416597,0.001279775,0.001411893,0.00025765,0.000475569,0.000378918,0.000781867,0.000158882,0.000312935,0.002128062,0.000627054,0.000159961,0.017298788,0.005580306,0.001073933,6.32717E-05,5.88073E-05,0.001377445,1.23269E-05,0.006756952,0.000771671,0.000796572,0.001298755,0.006433604,0.002160563,0.003268773,0.000547747,0.007204498,0.002895611,0.002300131,0.001767014,0.002182325,0.000141745,0.000703797,0.002550796,0.0036394,0.001186913,0.000929286,8.44274E-05,0.000794028,0.009630052
SCAN,YY,0.003366477,0.000893894,0.007637421,0.005966351,0.004000118,0.000384699,0.001892632,0.001844769,1.77119E-05,0.000551038,0.001416597,0.001279775,0.001361004,0.00159648,0.000497351,0.000378918,0.000781867,0.000158882,0.000312935,0.002128062,0.000627054,0.000159961,0.017298788,0.005580306,0.000962794,0.001040647,5.88073E-05,0.001377445,1.23269E-05,0.006756952,0.000771671,0.000796572,0.001293578,0.006433604,0.002160563,0.003268773,0.000552709,0.007204498,0.002895611,0.002300131,0.001767014,0.001094875,0.000136335,0.000711103,0.002550796,0.00057054,0.001186913,0.000929286,8.44274E-05,0.000794028,0.009630052
SCAN,ZZ,0.00062206,0.000893894,0.006016369,0.001698033,0.004972034,0.002029802,0.000867969,0.000411058,0.001718805,0.001450901,0.014733043,0.001736374,0.00045665,1.24457E-05,0.002762245,0.000378918,0.000587941,0.000412938,0.008284455,0.000514554,0.000548888,0.000995799,0.017298788,0.007914235,0.00035695,0.001024388,3.30194E-06,0.000711577,0.001078204,0.006756952,0.002231396,0.000608287,0.000795771,0.006433604,0.002486918,0.003268773,3.45509E-05,0.007204498,0.005586392,0.000560227,0.001767014,0.001223496,0.000642268,0.001706035,0.000657755,0.000896682,0.001186913,0.00022514,0.002724947,0.001505785,0.04225993
TPSS,XX,0.004821264,0.00224409,0.00710268,0.00240895,0.004682317,0.0005952,0.002701845,0.001895232,0.001946004,0.00086778,0.00177057,0.001242333,0.001139898,0.003659444,0.00276982,0.001784859,0.002120053,0.000573826,0.000587704,0.000695867,0.002372079,0.001355901,0.02090971,0.001593261,0.000733743,0.003746091,0.001133634,0.002054606,0.000540568,0.00617363,0.004650826,0.000497645,0.000427151,0.006426642,0.001942767,0.008237021,0.000255868,0.004100375,0.001941306,0.004748364,0.005528302,0.000908579,0.00340452,0.004039326,0.000301174,0.000404763,0.003076941,0.001660069,0.003593577,1.55125E-05,0.004121616
TPSS,YY,0.004821264,0.00224409,0.00710268,0.00240895,0.004682317,0.002196985,0.002826578,0.001899997,0.001946004,0.00086778,0.00177057,0.001242333,0.000185292,0.00373404,0.002769804,0.001784859,0.002120053,0.000573826,0.000587704,0.000695867,0.002372079,0.001355901,0.02090971,0.001593261,0.001227106,0.005387605,0.001133634,0.002054606,0.000540568,0.00617363,0.004650826,0.000497645,0.000424536,0.006426642,0.001942767,0.008237021,0.000250906,0.004100375,0.001941306,0.004748364,0.005528302,0.004547229,0.003402957,0.004046622,0.000301174,0.002219386,0.003076941,0.001660069,0.003593577,1.55125E-05,0.004121616
TPSS,ZZ,0.000872192,0.00224409,0.009254701,0.002996085,0.005250353,0.002040917,0.001255698,0.00102266,0.001885981,0.001726108,0.012022787,0.001632585,0.001495846,0.002697438,0.000384669,0.001784859,8.70974E-05,0.002528104,0.00945108,0.000974079,0.00195104,0.001092421,0.02090971,0.004372393,0.001832152,0.004655403,0.001674824,0.00054956,0.001347873,0.00617363,0.006807056,0.002909584,0.002109145,0.006426642,0.002835364,0.008237021,0.001287145,0.004100375,0.00239785,0.002260316,0.005528302,0.004250524,0.003708131,0.004173269,0.002478344,0.000820557,0.003076941,0.002585734,0.004404809,0.002491215,0.047411809
B3LYP,XX,0.003258002,0.003926675,0.009062004,0.008536771,0.006115392,0.005880288,0.003968299,0.004943055,0.002903818,0.002959417,0.005528356,0.005270437,0.004894971,0.006539872,0.004740414,0.004074161,0.003072042,0.003957868,0.002924233,0.00092649,0.002039904,0.003050858,0.02798504,0.011821362,0.002911809,0.003692349,0.002698712,0.003935901,0.004178185,0.011346565,0.004229669,0.002885719,0.004150843,0.001021178,0.002691122,0.007767866,0.003493881,0.011620907,0.017942081,0.005975804,0.004915111,0.003535216,0.004390386,0.003477174,0.001080319,2.67333E-06,0.005325324,0.003967341,0.005180111,0.003241622,0.013156617
B3LYP,YY,0.003258002,0.003926675,0.009062004,0.008536771,0.006115392,0.005380805,0.003946213,0.004944415,0.002903818,0.002959417,0.005528356,0.005270437,0.003232207,0.005594065,0.004740432,0.004074161,0.003072042,0.003957868,0.002924233,0.00092649,0.002039904,0.003050858,0.02798504,0.011821362,0.002921115,0.005034101,0.002698712,0.003935901,0.004178185,0.011346565,0.004229669,0.002885719,0.004150825,0.001021178,0.002691122,0.007767866,0.003488918,0.011620907,0.017942081,0.005975804,0.004915111,0.00498158,0.004388826,0.003484472,0.001080319,0.001646681,0.005325324,0.003967341,0.005180111,0.003241622,0.013156617
B3LYP,ZZ,0.000829106,0.003926675,0.003306179,0.003377064,0.006256618,0.005726352,0.002736214,0.004345087,0.000699851,0.001058908,0.011213319,0.002326467,0.002917276,0.005589992,0.004469564,0.004074161,0.001653119,0.002841966,0.009995649,0.002029208,0.003034883,0.001338375,0.02798504,0.014490559,0.002501251,0.004536108,0.002613256,0.001872835,0.001658289,0.011346565,0.005558623,0.003171032,0.005083542,0.001021178,0.001810791,0.007767866,0.001753187,0.011620907,0.011528127,0.002654358,0.004915111,0.004716146,0.004389465,0.00409755,0.003077137,0.001442893,0.005325324,0.004184462,0.005453869,0.005351273,0.039468504
M06-2X,XX,0.000708928,0.002086604,0.013190758,0.006867167,0.002895976,0.008094085,0.00166487,0.00276822,0.001783169,0.003184624,0.005864024,0.004760971,0.003339343,0.004655756,0.003459735,0.002746133,0.000787946,0.004719092,0.002001288,0.000628541,0.001095013,0.002387477,0.032495009,0.008875017,0.003293766,0.000884812,0.000866105,0.002946911,0.004198273,0.006844404,9.84978E-05,0.002363076,0.001735605,0.005186148,0.006489003,0.004572765,0.003497467,0.019914524,0.024564727,0.002082024,0.001235154,0.003396913,0.001736208,0.000589669,0.000242252,0.000795595,0.003764518,0.002018412,0.003810114,0.002704875,0.00829745
M06-2X,YY,0.000708928,0.002086604,0.013190758,0.006867167,0.002895976,0.004415095,0.001140422,0.002769547,0.001783169,0.003184624,0.005864024,0.004760971,0.002796011,0.003367098,0.003459731,0.002746133,0.000787946,0.004719092,0.002001288,0.000628541,0.001095013,0.002387477,0.032495009,0.008875017,0.00198372,0.001417446,0.000866105,0.002946911,0.004198273,0.006844404,9.84978E-05,0.002363076,0.001735571,0.005186148,0.006489003,0.004572765,0.003492504,0.019914524,0.024564727,0.002082024,0.001235154,0.002272124,0.001734639,0.000579976,0.000242252,0.000342683,0.003764518,0.002018412,0.003810114,0.002704875,0.00829745
M06-2X,ZZ,0.000277598,0.002086604,0.009643168,0.003091468,0.003445701,0.003766405,0.001345173,0.004833383,0.002981428,0.002004865,0.013568948,0.00107392,0.000244652,0.003612371,0.005128765,0.002746133,0.001281858,0.001965085,0.006754873,0.001760808,0.002251326,0.000344686,0.032495009,0.007367332,0.000107736,0.000337783,0.000365445,0.000158358,0.001872657,0.006844404,0.001400366,0.000528659,0.00257016,0.005186148,0.002472105,0.004572765,0.001088387,0.019914524,0.017447234,0.000792661,0.001235154,0.000932442,9.94387E-05,0.000814083,0.001191333,0.000428175,0.003764518,0.002444725,0.0021592,0.004829521,0.040333237
PBE0,XX,0.002114571,0.001652587,0.008320287,0.007487664,0.003727773,0.003994309,0.002287888,0.001315227,0.000601583,0.000802894,0.003321651,0.00311867,0.002716362,0.003485369,0.001108678,0.000928543,0.001083737,0.002062421,0.000854082,0.000805749,9.87406E-05,0.001344117,0.025740739,0.009233313,0.000980594,0.00055404,0.000674956,0.002194863,0.002163454,0.009317252,0.001510975,0.000633942,0.000815465,0.004070166,0.000801972,0.005743078,0.001569316,0.001404664,0.006908831,0.002571748,0.002757175,0.000604315,0.000996795,0.000360966,0.000668231,0.002278219,0.00329509,0.0015433,0.002570218,0.001109596,0.008769615
PBE0,YY,0.002114571,0.001652587,0.008320287,0.007487664,0.003727773,0.003690393,0.000922224,0.001319985,0.000601583,0.000802894,0.003321651,0.00311867,0.00015941,0.001669985,0.001108633,0.000928543,0.001083737,0.002062421,0.000854082,0.000805749,9.87406E-05,0.001344117,0.025740739,0.009233313,0.00015901,0.001837361,0.000674956,0.002194863,0.002163454,0.009317252,0.001510975,0.000633942,0.000815425,0.004070166,0.000801972,0.005743078,0.001564353,0.001404664,0.006908831,0.002571748,0.002757175,0.00168996,0.000995224,0.000368273,0.000668231,0.000158894,0.00329509,0.0015433,0.002570218,0.001109596,0.008769615
PBE0,ZZ,0.001122955,0.001652587,0.003930529,0.001674374,0.005097168,0.001273778,0.000881945,0.00326526,0.000977374,0.00115777,0.014311633,0.001345744,0.000817473,0.002740509,0.001537423,0.000928543,0.000235654,0.000188925,0.008230931,0.000283977,0.001795938,0.000360755,0.025740739,0.009334812,0.000124504,0.001241068,0.00048916,0.000267557,0.001232832,0.009317252,0.002750464,0.00071037,0.002071457,0.004070166,0.000949608,0.005743078,0.000222018,0.001404664,0.002839642,0.001199049,0.002757175,0.001353783,0.000813733,0.001689405,0.001290378,0.000187918,0.00329509,0.001041964,0.002309726,0.002028084,0.04381024
M08-HX,XX,0.002038279,0.00281431,0.01350084,0.009734272,0.002772012,0.010114688,0.003678743,0.005672958,0.003594631,0.005491071,0.007052765,0.005757873,0.004193226,0.00706019,0.00434149,0.003566977,0.001486704,0.005956322,0.00241083,0.002176511,2.55905E-06,0.003575014,0.03863293,0.010686079,0.003771731,0.000892485,0.002788841,0.004195714,0.005118427,0.006786104,0.001482772,0.002743515,0.004648177,0.00762688,0.00692457,0.008450806,0.004020827,0.028587886,0.011228398,0.004184551,0.00301918,0.004337948,0.002344938,0.00036811,0.001568437,0.000468042,0.004448493,0.002715612,0.006116082,0.003394913,0.000417313
M08-HX,YY,0.002038279,0.00281431,0.01350084,0.009734272,0.002772012,0.005506068,0.003715275,0.005670886,0.003594631,0.005491071,0.007052765,0.005757873,0.004013306,0.004097009,0.004337874,0.003566977,0.001486704,0.005956322,0.00241083,0.002176511,2.55905E-06,0.003575014,0.03863293,0.010686079,0.002661657,0.002058058,0.002788841,0.004195714,0.005118427,0.006786104,0.001482772,0.002743515,0.004648163,0.00762688,0.00692457,0.008450806,0.004015864,0.028587886,0.011228398,0.004184551,0.00301918,0.003017129,0.002343371,0.000377798,0.001568437,0.000471948,0.004448493,0.002715612,0.006116082,0.003394913,0.000417313
M08-HX,ZZ,0.003944624,0.00281431,0.008065372,0.010581271,0.00721738,0.007196406,0.003386829,0.007564738,0.001134463,0.000351929,0.013215429,0.000964577,0.001780694,0.005812503,0.004811083,0.003566977,0.001766571,0.000115098,0.007910282,0.00287808,0.003067287,0.001123771,0.03863293,0.011734375,0.000686828,0.001239207,0.001553339,0.000711849,0.001528884,0.006786104,0.002750878,0.000144317,0.004177281,0.00762688,0.00022077,0.008450806,0.000309648,0.028587886,0.003856937,0.002154426,0.00301918,0.001503679,0.000857229,0.002021047,0.002433206,0.000729162,0.004448493,0.003109138,0.002506422,0.004858174,0.036368894
MN15,XX,0.008593485,0.001184114,0.039201019,0.013906421,0.005723862,0.014216175,0.003346747,0.007124704,0.003701708,0.002955127,0.004726876,0.00363534,0.003807732,0.007627461,0.005044953,0.00342397,0.002272458,0.003008911,0.000731704,0.001718909,0.001409362,0.000469162,0.044983818,0.00965465,0.001428829,0.002045745,0.001060681,0.001214747,0.00249904,0.005764987,2.02293E-05,0.000948909,0.006476812,0.021648955,0.019153216,0.00767124,0.001432682,0.034108085,0.016409849,0.001120085,0.002245917,0.00390213,0.00212293,0.001150056,0.001219186,0.002446487,0.004920284,0.001651735,0.005660237,0.002483258,0.020529872
MN15,YY,0.008593485,0.001184114,0.039201019,0.013906421,0.005723862,0.009750726,0.004430128,0.007126097,0.003701708,0.002955127,0.004726876,0.00363534,0.004905588,0.00705075,0.005044976,0.00342397,0.002272458,0.003008911,0.000731704,0.001718909,0.001409362,0.000469162,0.044983818,0.00965465,0.002681811,0.00196719,0.001060681,0.001214747,0.00249904,0.005764987,2.02293E-05,0.000948909,0.00647681,0.021648955,0.019153216,0.00767124,0.001427719,0.034108085,0.016409849,0.001120085,0.002245917,0.002791176,0.002121362,0.001142745,0.001219186,0.000104477,0.004920284,0.001651735,0.005660237,0.002483258,0.020529872
MN15,ZZ,0.000506933,0.001184114,0.001223706,0.015232107,0.004741362,0.010934947,0.002434919,0.006330522,0.002843377,0.002811975,0.011313937,0.002405973,0.002797978,0.007430449,0.006066911,0.00342397,0.000931554,1.91002E-05,0.008216708,0.002155111,0.002636111,0.001184225,0.044983818,0.013222185,0.001245067,0.000556788,0.002615427,0.001911072,0.000565845,0.005764987,0.002296311,0.001665155,0.004476176,0.021648955,0.006570153,0.00767124,0.000144583,0.034108085,0.031744204,0.000161993,0.002245917,0.000247426,0.001755967,0.001133347,0.002044268,0.000962,0.004920284,0.00064028,0.002656044,0.006517196,0.030682149
SCAN0,XX,0.000492221,0.000271443,0.004878953,0.003518717,0.000949151,0.001100022,0.000980054,0.001049308,0.001793062,0.000658781,0.002521444,0.002938073,0.002747807,0.002374117,0.000966619,0.000693821,0.000469535,0.000765013,0.001120843,0.002477585,0.003052421,9.97774E-05,0.01242748,0.005326354,0.00030949,0.003267634,0.00140297,0.001259325,0.00118945,0.003747115,0.002290321,0.000574027,0.000115895,0.006332642,0.003246984,0.000486901,0.000129798,0.006756415,0.000695208,0.000164269,0.000831367,0.003995565,0.001893469,0.002833397,0.003130569,0.005929644,0.000804127,0.000491566,0.002233622,0.001145031,0.000805665
SCAN0,YY,0.000492221,0.000271443,0.004878953,0.003518717,0.000949151,0.001276076,0.000115955,0.001067878,0.001793062,0.000658781,0.002521444,0.002938073,0.001420623,0.000277495,0.000948478,0.000693821,0.000469535,0.000765013,0.001120843,0.002477585,0.003052421,9.97774E-05,0.01242748,0.005326354,0.002308965,0.001910171,0.00140297,0.001259325,0.00118945,0.003747115,0.002290321,0.000574027,0.00011585,0.006332642,0.003246984,0.000486901,0.000124836,0.006756415,0.000695208,0.000164269,0.000831367,0.001238642,0.00189505,0.002826081,0.003130569,0.002822682,0.000804127,0.000491566,0.002233622,0.001145031,0.000805665
SCAN0,ZZ,0.001921281,0.000271443,0.005354435,0.001927676,0.005440489,0.001103247,0.000260332,3.99194E-05,0.004110198,0.003783775,0.016433315,0.003862971,0.001744528,0.001946414,0.003915957,0.000693821,0.00050559,0.003069908,0.007136718,0.000569979,0.000344237,0.000514808,0.01242748,0.004280946,0.001061416,0.002230477,0.001638789,0.001405836,0.003240679,0.003747115,0.001380503,0.001419716,0.000384025,0.006332642,0.001980141,0.000486901,0.001561566,0.006756415,0.002424644,2.05583E-05,0.000831367,0.001698377,0.00257752,0.000515828,0.000540531,0.000625889,0.000804127,0.001180374,6.61684E-05,0.001290013,0.04380436
CAM-B3LYP,XX,0.002546744,0.004353351,0.008891458,0.010950573,0.006348098,0.007737008,0.005479242,0.005641979,0.003517084,0.003885591,0.00681382,0.006716413,0.005946758,0.006997137,0.004986951,0.004744372,0.003362841,0.0052716,0.004086151,0.001945721,0.002915558,0.003976686,0.034473167,0.01770568,0.004547039,0.004556655,0.003821099,0.004783851,0.005733498,0.014724175,0.005223169,0.004237061,0.004814764,0.000351933,0.002394498,0.008574912,0.004984133,0.012749687,0.012966004,0.005048516,0.005769483,0.00497529,0.004405663,0.002993005,0.002215335,0.000348672,0.004880979,0.004394951,0.006373875,0.0032984,0.010110835
CAM-B3LYP,YY,0.002546744,0.004353351,0.008891458,0.010950573,0.006348098,0.005897399,0.004046122,0.00564335,0.003517084,0.003885591,0.00681382,0.006716413,0.004150454,0.005231547,0.004986974,0.004744372,0.003362841,0.0052716,0.004086151,0.001945721,0.002915558,0.003976686,0.034473167,0.01770568,0.003034448,0.00470202,0.003821099,0.004783851,0.005733498,0.014724175,0.005223169,0.004237061,0.004814751,0.000351933,0.002394498,0.008574912,0.00497917,0.012749687,0.012966004,0.005048516,0.005769483,0.00457647,0.004404103,0.003000305,0.002215335,0.001197358,0.004880979,0.004394951,0.006373875,0.0032984,0.010110835
CAM-B3LYP,ZZ,0.002000954,0.004353351,0.00039082,0.004340521,0.007414439,0.00574483,0.002938774,0.007372368,0.00043295,0.000590129,0.012020541,0.000999268,0.001787246,0.006314922,0.005052911,0.004744372,0.002126899,0.001901839,0.010433456,0.003143849,0.003406785,0.002217442,0.034473167,0.016841964,0.002336567,0.004666511,0.002088969,0.001641107,0.001009694,0.014724175,0.005361807,0.002858974,0.005279809,0.000351933,0.001483114,0.008574912,0.002038021,0.012749687,0.002420084,0.00204545,0.005769483,0.004676259,0.004360022,0.003214881,0.00327841,0.002785757,0.004880979,0.00368543,0.005006299,0.004895155,0.039415983
wB97X-D,XX,0.000649457,0.000468067,0.009121318,0.007753461,0.002538196,0.002646397,0.000606774,0.001546568,0.000281156,0.000757727,0.002784928,0.00229945,0.002499078,0.001071149,0.000117837,0.000331568,0.000390369,0.000981395,0.000583341,0.002317166,0.00178941,5.96299E-05,0.027551042,0.006384001,0.000237763,0.001292903,0.000573906,0.000978439,0.00102812,0.00474223,0.000534014,0.00041463,0.001509491,0.004153935,0.002051672,0.002907702,0.000144207,0.010683755,0.01107831,0.001595666,0.000663339,0.001084654,0.000821568,0.001541349,0.002489437,0.003851901,0.00101377,0.000309335,0.00028987,0.000779763,0.010850053
wB97X-D,YY,0.000649457,0.000468067,0.009121318,0.007753461,0.002538196,0.003889764,0.000548064,0.001551329,0.000281156,0.000757727,0.002784928,0.00229945,0.000373902,0.000493357,0.000117903,0.000331568,0.000390369,0.000981395,0.000583341,0.002317166,0.00178941,5.96299E-05,0.027551042,0.006384001,0.001359874,0.000233901,0.000573906,0.000978439,0.00102812,0.00474223,0.000534014,0.00041463,0.001509455,0.004153935,0.002051672,0.002907702,0.000139245,0.010683755,0.01107831,0.001595666,0.000663339,0.000411205,0.000823146,0.001531651,0.002489437,0.000693374,0.00101377,0.000309335,0.00028987,0.000779763,0.010850053
wB97X-D,ZZ,0.002251009,0.000468067,0.008266158,0.003685161,0.006361107,0.001792661,0.00072635,0.001580153,0.001785342,0.002862126,0.015528405,0.00271803,0.001303489,0.000721024,0.000378325,0.000331568,0.000262215,0.001464737,0.007477676,0.000268225,0.000887559,0.000467072,0.027551042,0.006126597,0.000915295,0.00076171,0.000690178,0.000864563,0.002426692,0.00474223,0.000762388,0.000446625,0.000152437,0.004153935,0.001760066,0.002907702,0.001265809,0.010683755,0.007513307,0.000150165,0.000663339,0.000698165,0.000966674,9.04418E-06,0.00021787,0.001333271,0.00101377,0.000192617,0.000195884,0.000616302,0.037815411
wB97X-V,XX,0.002780057,0.002633197,0.007266103,0.008257582,0.004883678,0.006526839,0.028175137,0.024255882,0.003184651,0.003051652,0.006053403,0.005366704,0.004535553,0.044144385,0.00318745,0.00269843,0.002198928,0.004711914,0.003096484,0.001233843,0.002101793,0.003335313,0.032603006,0.012241468,0.003340333,0.00256777,0.002878959,0.004095796,0.004606618,0.011578079,0.00378014,0.002955159,0.002952812,0.004495909,0.002903125,0.008437015,0.00403516,0.00298012,7.37636E-05,0.002662264,0.004771503,0.003811747,0.002406173,0.025515916,0.001439662,0.002926496,0.004336554,0.002371161,0.005660237,0.002602598,0.002539531
wB97X-V,YY,0.002780057,0.002633197,0.007266103,0.008257582,0.004883678,0.00777773,0.022939543,0.024257542,0.003184651,0.003051652,0.006053403,0.005366704,0.00257397,0.026186506,0.003187441,0.00269843,0.002198928,0.004711914,0.003096484,0.001233843,0.002101793,0.003335313,0.032603006,0.012241468,0.002061871,0.003290326,0.002878959,0.004095796,0.004606618,0.011578079,0.00378014,0.002955159,0.002952786,0.004495909,0.002903125,0.008437015,0.004030198,0.00298012,7.37636E-05,0.002662264,0.004771503,0.003000394,0.002404606,0.025523154,0.001439662,0.003222246,0.004336554,0.002371161,0.005660237,0.002602598,0.002539531
wB97X-V,ZZ,0.00399408,0.002633197,0.007708089,0.003842468,0.007712298,0.004088316,0.013578668,0.031393166,0.000760744,0.00162251,0.013368872,0.000749036,2.84822E-05,0.039223197,0.004388908,0.00269843,0.001177742,0.000676096,0.00958714,0.001975365,0.002645976,0.001090917,0.032603006,0.010244401,0.001048727,0.002764547,0.000892958,0.000509241,0.000350499,0.011578079,0.004465266,0.00184004,0.002710752,0.004495909,0.001576797,0.008437015,0.000896274,0.00298012,0.008202086,0.000954701,0.004771503,0.002536218,0.001615278,0.016203226,0.002231806,0.000513778,0.004336554,0.001640048,0.003690338,0.002791875,0.042204428
wB97M-V,XX,0.004848902,0.004711676,0.031484642,0.015678059,0.00861146,0.016749481,0.028895194,0.007970264,0.007392327,0.007146802,0.0097198,0.008908643,0.008313921,0.012189171,0.025811706,0.005825369,0.004069145,0.007760315,0.005457308,0.002920716,0.002954593,0.005248344,0.061640467,0.01847759,0.025741055,0.005117685,0.005363432,0.006578747,0.007432498,0.012272119,0.005178297,0.006152799,0.00730826,0.002340664,0.001638816,0.011513138,0.006232063,0.006532849,0.001322795,0.006378361,0.005293541,0.007990275,0.00511959,0.003965816,0.003057758,0.004696637,0.010740891,0.005092685,0.009156183,0.007887232,0.020621356
wB97M-V,YY,0.004848902,0.004711676,0.031484642,0.015678059,0.00861146,0.01390403,0.024027544,0.007971669,0.007392327,0.007146802,0.0097198,0.008908643,0.006555679,0.007104668,0.025812082,0.005825369,0.004069145,0.007760315,0.005457308,0.002920716,0.002954593,0.005248344,0.061640467,0.01847759,0.024195583,0.005172071,0.005363432,0.006578747,0.007432498,0.012272119,0.005178297,0.006152799,0.007305706,0.002340664,0.001638816,0.011513138,0.0062271,0.006532849,0.001322795,0.006378361,0.005293541,0.005499211,0.005118033,0.003973113,0.003057758,0.003474988,0.010740891,0.005092685,0.009156183,0.007887232,0.020621356
wB97M-V,ZZ,0.000347954,0.004711676,0.004877454,0.008454268,0.00586828,0.009778289,0.013810291,0.010625287,0.000356693,8.23508E-05,0.011178795,0.001134998,0.002547599,0.010702858,0.039129075,0.005825369,0.001869715,0.001752897,0.009594488,0.002290946,0.002877078,0.001310545,0.061640467,0.019043788,0.015676885,0.004952493,0.002435193,0.00136329,0.000680841,0.012272119,0.005585447,0.00221667,0.00642781,0.002340664,3.82993E-05,0.011513138,0.001283074,0.006532849,0.005119949,0.002131411,0.005293541,0.005399413,0.005197074,0.002862677,0.002882776,0.000460514,0.010740891,0.004492541,0.005827279,0.007406673,0.031317815
