method,Slater,Slater,Slater,SPW92,SPW92,SPW92,B97-D3,B97-D3,B97-D3,BLYP,BLYP,BLYP,BPBE,BPBE,BPBE,mPW91,mPW91,mPW91,PBE,PBE,PBE,B97M-rV,B97M-rV,B97M-rV,B97M-V,B97M-V,B97M-V,M06-L,M06-L,M06-L,mBEEF,mBEEF,mBEEF,MGGA_MS2,MGGA_MS2,MGGA_MS2,MN15-L,MN15-L,MN15-L,revM06-L,revM06-L,revM06-L,SCAN,SCAN,SCAN,TPSS,TPSS,TPSS,B3LYP,B3LYP,B3LYP,B3LYP5,B3LYP5,B3LYP5,M06-2X,M06-2X,M06-2X,PBE0,PBE0,PBE0,M08-HX,M08-HX,M08-HX,MN15,MN15,MN15,SCAN0,SCAN0,SCAN0,CAM-B3LYP,CAM-B3LYP,CAM-B3LYP,wB97X-D,wB97X-D,wB97X-D,wB97X-V,wB97X-V,wB97X-V,wB97M-V,wB97M-V,wB97M-V
component,XX,YY,ZZ,XX,YY,ZZ,XX,YY,ZZ,XX,YY,ZZ,XX,YY,ZZ,XX,YY,ZZ,XX,YY,ZZ,XX,YY,ZZ,XX,YY,ZZ,XX,YY,ZZ,XX,YY,ZZ,XX,YY,ZZ,XX,YY,ZZ,XX,YY,ZZ,XX,YY,ZZ,XX,YY,ZZ,XX,YY,ZZ,XX,YY,ZZ,XX,YY,ZZ,XX,YY,ZZ,XX,YY,ZZ,XX,YY,ZZ,XX,YY,ZZ,XX,YY,ZZ,XX,YY,ZZ,XX,YY,ZZ,XX,YY,ZZ
molecule,,,,,,,,,,,,,,,,,,,,,,,,,,,,,,,,,,,,,,,,,,,,,,,,,,,,,,,,,,,,,,,,,,,,,,,,,,,,,,,,,
Ar,0.0,0.0,0.0,0.0,0.0,0.0,0.0,0.0,0.0,0.6990825023517929,0.6990825023517929,0.6990825023517929,0.6950205238776127,0.6950205238776127,0.6950205238776127,0.6960182126528331,0.6960182126528331,0.6960182126528331,0.0,0.0,0.0,0.0,0.0,0.0,0.0,0.0,0.0,0.0,0.0,0.0,0.6910034095188436,0.6910034095188436,0.6910034095188436,0.0,0.0,0.0,0.0,0.0,0.0,0.0,0.0,0.0,0.0,0.0,0.0,0.6950977771028573,0.6950977771028573,0.6950977771028573,0.6967803615798406,0.6967803615798406,0.6967803615798406,0.6969285427303307,0.6969285427303307,0.6969285427303307,0.0,0.0,0.0,0.0,0.0,0.0,0.0,0.0,0.0,0.0,0.0,0.0,0.0,0.0,0.0,0.0,0.0,0.0,0.0,0.0,0.0,0.695486883968506,0.695486883968506,0.695486883968506,0.0,0.0,0.0
Be,1.2221630279344895,1.2221630279344895,1.2221630279344895,0.0,0.0,0.0,1.1888047957402428,1.1888047957402428,1.1888047957402428,0.0,0.0,0.0,0.0,0.0,0.0,0.0,0.0,0.0,1.182549988890533,1.182549988890533,1.182549988890533,0.0,0.0,0.0,0.0,0.0,0.0,1.1778173603322375,1.1778173603322375,1.1778173603322375,0.0,0.0,0.0,1.176522621371982,1.176522621371982,1.176522621371982,1.2174698850690313,1.2174698850690313,1.2174698850690313,1.185814756623057,1.185814756623057,1.185814756623057,0.0,0.0,0.0,0.0,0.0,0.0,0.0,0.0,0.0,0.0,0.0,0.0,1.1770596371892124,1.1770596371892124,1.1770596371892124,0.0,0.0,0.0,0.0,0.0,0.0,1.2026394176456217,1.2026394176456217,1.2026394176456217,0.0,0.0,0.0,1.1837753319464805,1.1837753319464805,1.1837753319464805,0.0,0.0,0.0,0.0,0.0,0.0,0.0,0.0,0.0
BeH,1.0396474703475214,1.0396474703475214,1.6487272300543192,0.0,0.0,0.0,1.011990463374038,1.011990463374038,1.6222704626671456,1.0097987794803478,1.0097987794803478,1.6220269036326205,1.0033580298976035,1.0033580298976035,1.6180906956698868,1.0067681928328884,1.0067681928328884,1.6192358879469795,0.0,0.0,0.0,0.0,0.0,0.0,0.0,0.0,0.0,0.9839641703232898,0.9839641703232898,1.6156648002063831,0.9977776864712901,0.9977776864712901,1.6238103124509151,0.9950617061569599,0.9950617061569599,1.6195689873845502,1.0225149561546765,1.0225149561546765,1.650446413423202,0.9982097700082884,0.9982097700082884,1.6408482004769545,0.0,0.0,0.0,1.0007834959570427,1.0007834959570427,1.6165710060376588,1.0027428206374756,1.0027428206374756,1.62251952806415,1.0037580840620912,1.0037580840620912,1.6230084431194867,1.0068715745615227,1.0068715745615227,1.616182538572528,0.0,0.0,0.0,0.0,0.0,0.0,1.0328818356327116,1.0328818356327116,1.6270494128998199,0.0,0.0,0.0,1.0025722741628158,1.0025722741628158,1.6254348871481998,0.0,0.0,0.0,1.0009469195017286,1.0009469195017286,1.6335337955732794,0.0,0.0,0.0
BeH2,0.9471950582993276,0.9471950582993276,1.8931679603977598,0.0,0.0,0.0,0.9115222001410608,0.9115222001410608,1.8912197420430235,0.9156319342672579,0.9156319342672579,1.8910035134798877,0.0,0.0,0.0,0.0,0.0,0.0,0.0,0.0,0.0,0.0,0.0,0.0,0.0,0.0,0.0,0.894437491303892,0.894437491303892,1.8851263882146683,0.0,0.0,0.0,0.9036581006940623,0.9036581006940623,1.8834067161290329,0.9186515893961106,0.9186515893961106,1.9179109970077548,0.8996382952053564,0.8996382952053564,1.9102882296117725,0.0,0.0,0.0,0.0,0.0,0.0,0.0,0.0,0.0,0.0,0.0,0.0,0.9083219793571734,0.9083219793571734,1.8836567086104834,0.0,0.0,0.0,0.0,0.0,0.0,0.9153612334574076,0.9153612334574076,1.9019802838077162,0.0,0.0,0.0,0.912405385880275,0.912405385880275,1.8910886973804129,0.0,0.0,0.0,0.0,0.0,0.0,0.0,0.0,0.0
BF,0.7724799423286017,0.7724799423286017,1.4444190743324463,0.0,0.0,0.0,0.7532669017685564,0.7532669017685564,1.4383296251589635,0.7582629012420429,0.7582629012420429,1.4395645519048152,0.0,0.0,0.0,0.0,0.0,0.0,0.0,0.0,0.0,0.0,0.0,0.0,0.0,0.0,0.0,0.7437812948710124,0.7437812948710124,1.4366985810389856,0.0,0.0,0.0,0.7495352456689413,0.7495352456689413,1.4386869458768805,0.7574605675875148,0.7574605675875148,1.4462152820754766,0.7447588235798217,0.7447588235798217,1.4446814603865583,0.0,0.0,0.0,0.0,0.0,0.0,0.0,0.0,0.0,0.0,0.0,0.0,0.7497548523350815,0.7497548523350815,1.4367377004489479,0.0,0.0,0.0,0.0,0.0,0.0,0.7525827387071803,0.7525827387071803,1.4380333614535588,0.0,0.0,0.0,0.7532069741777488,0.7532069741777488,1.440706438951725,0.0,0.0,0.0,0.0,0.0,0.0,0.0,0.0,0.0
BH3,1.3609008147668624,1.3608806881138589,0.8433823209923836,0.0,0.0,0.0,1.3488593999359646,1.3488390936074437,0.8165932410325228,1.352031898004115,1.3520116393244364,0.821466740402495,1.3458555178614495,1.3458351662095362,0.8168208247835017,1.3472496553379074,1.347229324746255,0.8190080847357369,0.0,0.0,0.0,0.0,0.0,0.0,0.0,0.0,0.0,1.3433258206437149,1.3433054306658072,0.8037803966724991,1.347922052269941,1.3478913896006266,0.8118908228327255,1.3443735267943988,1.3443358700467236,0.8115072681205635,1.3615732957669264,1.361553179054623,0.8210650216334879,1.3541953827257018,1.3541751564121054,0.8079378147713474,0.0,0.0,0.0,1.3462283494668021,1.3462114551654767,0.8127831742537489,1.349276172530335,1.3492558724742503,0.8181509213005874,1.349568869702695,1.349548574049393,0.818491623521585,1.3471013380294037,1.3470810051992976,0.8186392171158184,0.0,0.0,0.0,0.0,0.0,0.0,1.351457822125097,1.3514375548397528,0.8201363556750793,0.0,0.0,0.0,1.3499750970464641,1.349954807500514,0.8211782017321211,0.0,0.0,0.0,0.0,0.0,0.0,0.0,0.0,0.0
BO,0.786984711585448,0.786984711585448,1.356486598614781,0.7778956545410485,0.7778956545410485,1.3490207338856395,0.7728616569955106,0.7728616569955106,1.3478662092634626,0.0,0.0,0.0,0.0,0.0,0.0,0.0,0.0,0.0,0.7758528046409517,0.7758528046409517,1.3484466451055168,0.0,0.0,0.0,0.0,0.0,0.0,0.7639227536311408,0.7639227536311408,1.343614706814995,0.0,0.0,0.0,0.7702116704866566,0.7702116704866566,1.3455000214862398,0.7778368366774022,0.7778368366774022,1.3475968842359782,0.7667324839914456,0.7667324839914456,1.3447857933701433,0.7707943362581827,0.7707943362581827,1.3434940191205462,0.0,0.0,0.0,0.0,0.0,0.0,0.0,0.0,0.0,0.7725952167706729,0.7725952167706729,1.342231395856017,0.7714136314585062,0.7714136314585062,1.3442354505016767,0.0,0.0,0.0,0.7745137557997772,0.7745137557997772,1.3423694473259769,0.7690189861565387,0.7690189861565387,1.3411026266895123,0.7743291323660562,0.7743291323660562,1.3456457740419936,0.0,0.0,0.0,0.0,0.0,0.0,0.0,0.0,0.0
BS,0.8349940291802491,0.8349940291802491,1.516450697483695,0.825257362624937,0.825257362624937,1.5101724923023765,0.0,0.0,0.0,0.8260292044272205,0.8260292044272205,1.510933952028234,0.8209130123831636,0.8209130123831636,1.507381667185392,0.8222940769173358,0.8222940769173358,1.5082435446553335,0.8235223726772698,0.8235223726772698,1.5092160348155783,0.0,0.0,0.0,0.0,0.0,0.0,0.0,0.0,0.0,0.8179751067320652,0.8179751067320652,1.5036398681840737,0.0,0.0,0.0,0.0,0.0,0.0,0.0,0.0,0.0,0.8217018608351816,0.8217018608351816,1.5045637164597605,0.8213851192954497,0.8213851192954497,1.5077407252476047,0.8252123162354442,0.8252123162354442,1.5070735251720573,0.8254911353450947,0.8254911353450947,1.5072626224844763,0.0,0.0,0.0,0.8230557932080506,0.8230557932080506,1.5048568477171673,0.0,0.0,0.0,0.0,0.0,0.0,0.8229116806600006,0.8229116806600006,1.5022308422566608,0.0,0.0,0.0,0.0,0.0,0.0,0.8253045514434858,0.8253045514434858,1.504392108015388,0.0,0.0,0.0
C2H,0.8726842529936454,0.8726842529936454,1.5542354874679654,0.8607774044968349,0.8607774044968349,1.547620600955358,0.8564445405503275,0.8564445405503275,1.5465061638352477,0.0,0.0,0.0,0.0,0.0,0.0,0.857098702362982,0.857098702362982,1.5468959256175199,0.858595388276242,0.858595388276242,1.5475258577768956,0.859364382673434,0.859364382673434,1.5449329611651972,0.8592878469809933,0.8592878469809933,1.5449144266868384,0.8476786433503605,0.8476786433503605,1.5427838989119547,0.8529818464115706,0.8529818464115706,1.5428352911340513,0.8547835288989389,0.8547835288989389,1.5436218812977396,0.8686346827238534,0.8686346827238534,1.5474371906463213,0.8525425703469864,0.8525425703469864,1.5424923615570807,0.8561306325420923,0.8561306325420923,1.5428849943202572,0.8564846056320076,0.8564846056320076,1.5455952498647412,0.0,0.0,0.0,0.0,0.0,0.0,0.8605780597142473,0.8605780597142473,1.5440490889563039,0.8580356867421524,0.8580356867421524,1.5433064038996205,0.8617668003227216,0.8617668003227216,1.5444026077365125,0.8594409115501507,0.8594409115501507,1.5463041005811422,0.8572354792004354,0.8572354792004354,1.5411847220783728,0.8615278557664507,0.8615278557664507,1.5455974959654384,0.8574989632960767,0.8574989632960767,1.5420896319431423,0.8607674383541523,0.8607674383541523,1.5442491649517895,0.8644338358050403,0.8644338358050403,1.5464392419794764
C2H2,0.8681772123535609,0.8681772123535609,1.7087401056690235,0.0,0.0,0.0,0.8513267946270692,0.8513267946270692,1.7037742760330037,0.8556946438128499,0.8556946438128499,1.7073643172948725,0.0,0.0,0.0,0.0,0.0,0.0,0.0,0.0,0.0,0.0,0.0,0.0,0.0,0.0,0.0,0.8420975968378013,0.8420975968378013,1.7005998395924262,0.0,0.0,0.0,0.8497877441455601,0.8497877441455601,1.700913647123741,0.8624297141796543,0.8624297141796543,1.705283761320029,0.8466416640763671,0.8466416640763671,1.7011665244977592,0.0,0.0,0.0,0.0,0.0,0.0,0.0,0.0,0.0,0.0,0.0,0.0,0.8544929143064909,0.8544929143064909,1.6998252209041333,0.0,0.0,0.0,0.0,0.0,0.0,0.8533672840576911,0.8533672840576911,1.703305113043986,0.0,0.0,0.0,0.8564483563531429,0.8564483563531429,1.7018984082552593,0.0,0.0,0.0,0.0,0.0,0.0,0.0,0.0,0.0
CH3,1.1508656278094183,1.1508461236678034,0.8953352233971116,1.1406455048669444,1.1406258259662583,0.8798248295478418,0.0,0.0,0.0,1.1429534520782598,1.1429338129155395,0.8755942105475826,1.137018606803605,1.13699523237791,0.8690932440576596,1.1385070324751572,1.1384873166106997,0.8711297112944777,1.1395586475063493,1.1395389498365303,0.8735303244116182,0.0,0.0,0.0,0.0,0.0,0.0,0.0,0.0,0.0,1.1350370680906563,1.1350172919510413,0.8594202087583362,0.0,0.0,0.0,0.0,0.0,0.0,0.0,0.0,0.0,1.1348660210140595,1.1348680795361625,0.8633856744043572,1.13716027260201,1.1371405333872855,0.866532588295315,0.0,0.0,0.0,1.1393774038169804,1.1393540777832012,0.8709542595592747,0.0,0.0,0.0,1.1354991301605601,1.135479362068475,0.8676853425189469,1.138731942135564,1.1387086028797357,0.870959001962779,0.0,0.0,0.0,1.133423833723415,1.1334222506614833,0.8622319621643457,0.0,0.0,0.0,1.1342726154999805,1.134252826031837,0.8657695938810099,0.0,0.0,0.0,0.0,0.0,0.0
CH4,1.1046642783070413,1.1046642783070413,1.1046642783070413,1.0944950340717021,1.0944950340717021,1.0944950340717021,1.0907116554651906,1.0907116554651906,1.0907116554651906,0.0,0.0,0.0,0.0,0.0,0.0,0.0,0.0,0.0,1.0925913730245247,1.0925913730245247,1.0925913730245247,0.0,0.0,0.0,0.0,0.0,0.0,1.0838429140966952,1.0838429140966952,1.0838429140966952,0.0,0.0,0.0,1.0882549705687616,1.0882549705687616,1.0882549705687616,1.0966225332344837,1.0966225332344837,1.0966225332344837,1.0880875779263433,1.0880875779263433,1.0880875779263433,1.0886477297627621,1.0886477297627621,1.0886477297627621,0.0,0.0,0.0,1.0923429727872178,1.0923429727872178,1.0923429727872178,0.0,0.0,0.0,1.0910149448553013,1.0910149448553013,1.0910149448553013,1.089197354700982,1.089197354700982,1.089197354700982,0.0,0.0,0.0,1.0916927814763713,1.0916927814763713,1.0916927814763713,1.087574991316744,1.087574991316744,1.087574991316744,1.093013183766608,1.093013183766608,1.093013183766608,0.0,0.0,0.0,0.0,0.0,0.0,0.0,0.0,0.0
CN,0.8061471613173368,0.8061471613173368,1.3563006208253994,0.7967312361141616,0.7967312361141616,1.3510230605410802,0.7926363474652653,0.7926363474652653,1.347520093569667,0.0,0.0,0.0,0.0,0.0,0.0,0.7936206152961734,0.7936206152961734,1.3487197181865755,0.7949706448765167,0.7949706448765167,1.3494594531095891,0.7939736445877785,0.7939736445877785,1.3455536442346505,0.7939232214428256,0.7939232214428256,1.3455322295346508,0.7857301462285303,0.7857301462285303,1.3418537843636504,0.7896979096756898,0.7896979096756898,1.343399311670639,0.7909100274902421,0.7909100274902421,1.3454049630531832,0.8007409087262198,0.8007409087262198,1.3468278001218092,0.7886326056633626,0.7886326056633626,1.342062811710149,0.7918783858746145,0.7918783858746145,1.3445518797335718,0.7926110937566758,0.7926110937566758,1.3474929213894529,0.7959951360162565,0.7959951360162565,1.347806783912311,0.0,0.0,0.0,0.7967563592321827,0.7967563592321827,1.3429997326918495,0.794099688442588,0.794099688442588,1.344775892421617,0.7979935899202739,0.7979935899202739,1.3450799160278268,0.7950461787507401,0.7950461787507401,1.344983917897391,0.7928022803953076,0.7928022803953076,1.3418949097311839,0.7973088675470948,0.7973088675470948,1.3468666569827636,0.7930186624731913,0.7930186624731913,1.343500081040902,0.7967491812792975,0.7967491812792975,1.3456409140879881,0.7997975823246203,0.7997975823246203,1.3467177143788638
CO,0.7522298342926849,0.7522298342926849,1.336442449885644,0.0,0.0,0.0,0.7377917629995607,0.7377917629995607,1.3285676862320455,0.0,0.0,0.0,0.0,0.0,0.0,0.7395028785271901,0.7395028785271901,1.32935822163082,0.0,0.0,0.0,0.7364841857772645,0.7364841857772645,1.3293112470305022,0.7364373148815859,0.7364373148815859,1.3292978354072524,0.7306129233732457,0.7306129233732457,1.326313763050222,0.0,0.0,0.0,0.7357266750635049,0.7357266750635049,1.328605302210993,0.7408338014696684,0.7408338014696684,1.3326874501291293,0.7320216780943035,0.7320216780943035,1.3294760946710802,0.0,0.0,0.0,0.7375037908716131,0.7375037908716131,1.329183993128369,0.7398403199677617,0.7398403199677617,1.3297285616521441,0.0,0.0,0.0,0.7389173754216367,0.7389173754216367,1.3264877862658813,0.737770168988961,0.737770168988961,1.3279638440571813,0.739326917134768,0.739326917134768,1.3276431950101617,0.7376477909883551,0.7376477909883551,1.3279496214168314,0.0,0.0,0.0,0.7410022383569431,0.7410022383569431,1.33016636908936,0.7363327459783383,0.7363327459783383,1.3272105896463928,0.7400125711432206,0.7400125711432206,1.3293200534287366,0.7423733951994778,0.7423733951994778,1.3293274009396678
F2,0.6441829612384978,0.6441829612384978,1.4687305371800086,0.0,0.0,0.0,0.6325983130532185,0.6325983130532185,1.464255063630411,0.0,0.0,0.0,0.0,0.0,0.0,0.0,0.0,0.0,0.6369028039094959,0.6369028039094959,1.4658958725982663,0.0,0.0,0.0,0.0,0.0,0.0,0.6280078792189722,0.6280078792189722,1.4617819200895297,0.0,0.0,0.0,0.6321966332250679,0.6321966332250679,1.4633619957426682,0.6322913612146435,0.6322913612146435,1.4635877831645117,0.6289345570044983,0.6289345570044983,1.4621718024798929,0.0,0.0,0.0,0.0,0.0,0.0,0.0,0.0,0.0,0.0,0.0,0.0,0.630859126984781,0.630859126984781,1.4650531435717684,0.0,0.0,0.0,0.0,0.0,0.0,0.6305447779764205,0.6305447779764205,1.4654379278129983,0.0,0.0,0.0,0.634869698315244,0.634869698315244,1.466208601893775,0.0,0.0,0.0,0.0,0.0,0.0,0.0,0.0,0.0
H,1.080087848603066,1.080087848603066,1.080087848603066,0.0,0.0,0.0,1.0270565552100819,1.0270565552100819,1.0270565552100819,1.037679015447455,1.037679015447455,1.037679015447455,1.0294787338745761,1.0294787338745761,1.0294787338745761,1.0340185074262451,1.0340185074262451,1.0340185074262451,0.0,0.0,0.0,0.0,0.0,0.0,0.0,0.0,0.0,0.990350876406943,0.990350876406943,0.990350876406943,1.0196825900739896,1.0196825900739896,1.0196825900739896,1.0173832509924665,1.0173832509924665,1.0173832509924665,1.0439293973253172,1.0439293973253172,1.0439293973253172,1.015261795203582,1.015261795203582,1.015261795203582,0.0,0.0,0.0,1.02099417319591,1.02099417319591,1.02099417319591,1.0280695030979181,1.0280695030979181,1.0280695030979181,1.0291175766160057,1.0291175766160057,1.0291175766160057,1.0325794718567671,1.0325794718567671,1.0325794718567671,0.0,0.0,0.0,0.0,0.0,0.0,1.0450682815012615,1.0450682815012615,1.0450682815012615,0.0,0.0,0.0,1.0345576297142658,1.0345576297142658,1.0345576297142658,0.0,0.0,0.0,1.0326874690824908,1.0326874690824908,1.0326874690824908,0.0,0.0,0.0
H2,0.9170518025444365,0.9170518025444365,1.0561433463860415,0.8983564345514535,0.8983564345514535,1.038896426943276,0.8787138546478029,0.8787138546478029,1.0242114518816445,0.8880349395716365,0.8880349395716365,1.0338388463467147,0.8801510439407546,0.8801510439407546,1.0248464191846045,0.8834603299526245,0.8834603299526245,1.0278526363324199,0.8863589261128926,0.8863589261128926,1.0301105636122299,0.0,0.0,0.0,0.0,0.0,0.0,0.8688864826028772,0.8688864826028772,1.012567124622119,0.0,0.0,0.0,0.8752592192030885,0.8752592192030885,1.0166706075546328,0.8873020732253476,0.8873020732253476,1.0279611301578995,0.8766384665584781,0.8766384665584781,1.0168899696946105,0.878417670843432,0.878417670843432,1.0198467405279608,0.874430626550786,0.874430626550786,1.01630489877079,0.8846587274480482,0.8846587274480482,1.0264230647571722,0.8851418319116999,0.8851418319116999,1.0268756760754956,0.8817123822709989,0.8817123822709989,1.019299837469577,0.8820706777237298,0.8820706777237298,1.0212673178289347,0.0,0.0,0.0,0.8824920155446168,0.8824920155446168,1.0251546899690338,0.878163719502235,0.878163719502235,1.0162134510109113,0.8905430455065044,0.8905430455065044,1.0287744691454517,0.0,0.0,0.0,0.8850788332402939,0.8850788332402939,1.0221769059049934,0.0,0.0,0.0
H2O,0.7787134972119079,0.8724968660843843,0.8340769042872748,0.767132181947805,0.8644884768792884,0.8245707526873555,0.0,0.0,0.0,0.0,0.0,0.0,0.0,0.0,0.0,0.0,0.0,0.0,0.7647102943925889,0.8649613583028274,0.8233768891941918,0.0,0.0,0.0,0.0,0.0,0.0,0.0,0.0,0.0,0.0,0.0,0.0,0.0,0.0,0.0,0.0,0.0,0.0,0.0,0.0,0.0,0.7572165457582131,0.8581267247190661,0.8166848206352636,0.0,0.0,0.0,0.0,0.0,0.0,0.0,0.0,0.0,0.0,0.0,0.0,0.7577073143173425,0.8589234385887208,0.816901500627688,0.0,0.0,0.0,0.0,0.0,0.0,0.7538856397889537,0.8551759070957693,0.8134299560199905,0.0,0.0,0.0,0.0,0.0,0.0,0.0,0.0,0.0,0.0,0.0,0.0
HBO,0.780349176234588,0.780349176234588,1.6034719398444037,0.0,0.0,0.0,0.7645957011388437,0.7645957011388437,1.599357437857018,0.0,0.0,0.0,0.0,0.0,0.0,0.0,0.0,0.0,0.7676940913541018,0.7676940913541018,1.599319175331429,0.0,0.0,0.0,0.0,0.0,0.0,0.7562888256149234,0.7562888256149234,1.597917307116611,0.0,0.0,0.0,0.7623838117378936,0.7623838117378936,1.5974786577574538,0.7691764712015052,0.7691764712015052,1.6032909029431675,0.7592532601510514,0.7592532601510514,1.6019203222123481,0.0,0.0,0.0,0.0,0.0,0.0,0.0,0.0,0.0,0.0,0.0,0.0,0.764105881831831,0.764105881831831,1.5965456400785158,0.0,0.0,0.0,0.0,0.0,0.0,0.7643004575754223,0.7643004575754223,1.5995265127382026,0.0,0.0,0.0,0.7670608758436321,0.7670608758436321,1.5990000549598815,0.0,0.0,0.0,0.0,0.0,0.0,0.0,0.0,0.0
HCN,0.8041849715395084,0.8041849715395084,1.5204674246208236,0.7940839983591157,0.7940839983591157,1.5145636159222433,0.0,0.0,0.0,0.0,0.0,0.0,0.0,0.0,0.0,0.0,0.0,0.0,0.7919410612223615,0.7919410612223615,1.5149648878065967,0.0,0.0,0.0,0.0,0.0,0.0,0.0,0.0,0.0,0.0,0.0,0.0,0.0,0.0,0.0,0.0,0.0,0.0,0.0,0.0,0.0,0.7889177076539733,0.7889177076539733,1.5111626022770523,0.0,0.0,0.0,0.0,0.0,0.0,0.0,0.0,0.0,0.0,0.0,0.0,0.7910688348367669,0.7910688348367669,1.5110079744313418,0.0,0.0,0.0,0.0,0.0,0.0,0.7900948309854963,0.7900948309854963,1.5090001277680438,0.0,0.0,0.0,0.0,0.0,0.0,0.0,0.0,0.0,0.0,0.0,0.0
He,0.6651919546642158,0.6651919546642158,0.6651919546642158,0.6549704031481117,0.6549704031481117,0.6549704031481117,0.6410592107988153,0.6410592107988153,0.6410592107988153,0.0,0.0,0.0,0.0,0.0,0.0,0.0,0.0,0.0,0.6466883426349976,0.6466883426349976,0.6466883426349976,0.0,0.0,0.0,0.0,0.0,0.0,0.627757902260099,0.627757902260099,0.627757902260099,0.0,0.0,0.0,0.637482963066465,0.637482963066465,0.637482963066465,0.6308001984780919,0.6308001984780919,0.6308001984780919,0.6311242371752174,0.6311242371752174,0.6311242371752174,0.6375704272862724,0.6375704272862724,0.6375704272862724,0.0,0.0,0.0,0.0,0.0,0.0,0.0,0.0,0.0,0.6376578795090672,0.6376578795090672,0.6376578795090672,0.6401307277033341,0.6401307277033341,0.6401307277033341,0.0,0.0,0.0,0.636578462445911,0.636578462445911,0.636578462445911,0.6345605906452118,0.6345605906452118,0.6345605906452118,0.6455376507222488,0.6455376507222488,0.6455376507222488,0.0,0.0,0.0,0.0,0.0,0.0,0.0,0.0,0.0
HF,0.6745647953162098,0.6745647953162098,0.7490591714412909,0.666598753816717,0.666598753816717,0.7422271665799542,0.6603740372849315,0.6603740372849315,0.7390175982487285,0.0,0.0,0.0,0.0,0.0,0.0,0.0,0.0,0.0,0.6652422487184649,0.6652422487184649,0.7430144179746259,0.0,0.0,0.0,0.0,0.0,0.0,0.6538229159795487,0.6538229159795487,0.7319461157014754,0.0,0.0,0.0,0.6592077606718538,0.6592077606718538,0.7387093550823693,0.6593487248641647,0.6593487248641647,0.735808662808761,0.6549022917657259,0.6549022917657259,0.7326509120509705,0.6583274622936521,0.6583274622936521,0.7359177039932004,0.0,0.0,0.0,0.0,0.0,0.0,0.0,0.0,0.0,0.657457293692906,0.657457293692906,0.7350866745652521,0.659066766329482,0.659066766329482,0.7364367717678584,0.0,0.0,0.0,0.6575760208523422,0.6575760208523422,0.7359826195648355,0.6552654706605561,0.6552654706605561,0.73230580542611,0.662778960649778,0.662778960649778,0.7390481152050783,0.0,0.0,0.0,0.0,0.0,0.0,0.0,0.0,0.0
HNC,0.8165477166706181,0.8165477166706181,1.5045848901491274,0.8054551695780467,0.8054551695780467,1.4976457017978857,0.8002030222387317,0.8002030222387317,1.496512723446081,0.8050330923632891,0.8050330923632891,1.4999732201613687,0.0,0.0,0.0,0.0,0.0,0.0,0.8028102388796496,0.8028102388796496,1.4977933729570634,0.7999275599390235,0.7999275599390235,1.4957326569201363,0.0,0.0,0.0,0.7916425995990868,0.7916425995990868,1.4928216217964996,0.0,0.0,0.0,0.7978801929801241,0.7978801929801241,1.4952130464469604,0.8063414711832698,0.8063414711832698,1.4987010968404424,0.7944951819237169,0.7944951819237169,1.49457861416697,0.7992933041756324,0.7992933041756324,1.493983469392452,0.0,0.0,0.0,0.0,0.0,0.0,0.8032400955816387,0.8032400955816387,1.4967076939234594,0.8024529520476574,0.8024529520476574,1.4928465232451607,0.8007238182731922,0.8007238182731922,1.4940855520550032,0.0,0.0,0.0,0.8010387852033134,0.8010387852033134,1.4950403373691497,0.7995158490924367,0.7995158490924367,1.4919554662341388,0.8043269373208881,0.8043269373208881,1.496234155804697,0.0,0.0,0.0,0.0,0.0,0.0,0.0,0.0,0.0
LiBH4,1.2246410493686106,1.2246331988768464,1.8339165703168432,1.2109554688889204,1.2109475296744574,1.82440219759039,0.0,0.0,0.0,0.0,0.0,0.0,0.0,0.0,0.0,0.0,0.0,0.0,1.2082100064828625,1.2082020492276961,1.8222315362326833,0.0,0.0,0.0,0.0,0.0,0.0,0.0,0.0,0.0,0.0,0.0,0.0,0.0,0.0,0.0,0.0,0.0,0.0,0.0,0.0,0.0,1.205296381175042,1.2052832643395552,1.817114348234198,0.0,0.0,0.0,0.0,0.0,0.0,0.0,0.0,0.0,0.0,0.0,0.0,1.2048130916620712,1.2048051119716434,1.8183900340811205,0.0,0.0,0.0,0.0,0.0,0.0,1.2041135209385305,1.2041055366119995,1.8159345526315314,0.0,0.0,0.0,0.0,0.0,0.0,1.2069504379662759,1.2069424724068962,1.8190293295166264,0.0,0.0,0.0
Mg,0.0,0.0,0.0,0.0,0.0,0.0,0.0,0.0,0.0,0.8848618034849661,0.8848618034849661,0.8848618034849661,0.8835865535984577,0.8835865535984577,0.8835865535984577,0.8853377991102229,0.8853377991102229,0.8853377991102229,0.0,0.0,0.0,0.0,0.0,0.0,0.0,0.0,0.0,0.0,0.0,0.0,0.8880000548892626,0.8880000548892626,0.8880000548892626,0.0,0.0,0.0,0.0,0.0,0.0,0.0,0.0,0.0,0.0,0.0,0.0,0.8898470585256023,0.8898470585256023,0.8898470585256023,0.8844415946045656,0.8844415946045656,0.8844415946045656,0.885215324695071,0.885215324695071,0.885215324695071,0.0,0.0,0.0,0.0,0.0,0.0,0.0,0.0,0.0,0.0,0.0,0.0,0.0,0.0,0.0,0.0,0.0,0.0,0.0,0.0,0.0,0.8879163260596875,0.8879163260596875,0.8879163260596875,0.0,0.0,0.0
N,0.7844522240391699,0.7844522240391699,0.7844522240391699,0.0,0.0,0.0,0.7652830032739523,0.7652830032739523,0.7652830032739523,0.0,0.0,0.0,0.7709798061557773,0.7709798061557773,0.7709798061557773,0.7724043171810991,0.7724043171810991,0.7724043171810991,0.0,0.0,0.0,0.0,0.0,0.0,0.0,0.0,0.0,0.7574500510264688,0.7574500510264688,0.7574500510264688,0.7630313484385816,0.7630313484385816,0.7630313484385816,0.7666557590600883,0.7666557590600883,0.7666557590600883,0.7719779277932757,0.7719779277932757,0.7719779277932757,0.7595015221182905,0.7595015221182905,0.7595015221182905,0.0,0.0,0.0,0.7699528021898485,0.7699528021898485,0.7699528021898485,0.7694836468697694,0.7694836468697694,0.7694836468697694,0.7696630635544361,0.7696630635544361,0.7696630635544361,0.7662885452621617,0.7662885452621617,0.7662885452621617,0.0,0.0,0.0,0.0,0.0,0.0,0.7693870205559749,0.7693870205559749,0.7693870205559749,0.0,0.0,0.0,0.7702906928556258,0.7702906928556258,0.7702906928556258,0.0,0.0,0.0,0.7701527962034547,0.7701527962034547,0.7701527962034547,0.0,0.0,0.0
N2,0.7500841417801073,0.7500841417801073,1.311874047050158,0.7417149834673694,0.7417149834673694,1.3064932553112396,0.737136463248156,0.737136463248156,1.3038831199627365,0.0,0.0,0.0,0.0,0.0,0.0,0.0,0.0,0.0,0.7399300391253217,0.7399300391253217,1.3056373480502768,0.0,0.0,0.0,0.0,0.0,0.0,0.7301293999353813,0.7301293999353813,1.301394255778686,0.0,0.0,0.0,0.7358638062168841,0.7358638062168841,1.3035816925393513,0.741460766089481,0.741460766089481,1.3065460958090074,0.7328373700555944,0.7328373700555944,1.30308866775203,0.7364264980974,0.7364264980974,1.3031742474142742,0.0,0.0,0.0,0.0,0.0,0.0,0.0,0.0,0.0,0.740471711714904,0.740471711714904,1.302120411011885,0.7385435603266743,0.7385435603266743,1.3029867798729808,0.0,0.0,0.0,0.738406926836416,0.738406926836416,1.3030642153876224,0.7371040431987875,0.7371040431987875,1.3016472322306685,0.7419583776061836,0.7419583776061836,1.3052468191969517,0.0,0.0,0.0,0.0,0.0,0.0,0.0,0.0,0.0
Na,0.9039628376311616,0.9039628376311616,0.9039628376311616,0.8782810849297933,0.8782810849297933,0.8782810849297933,0.0,0.0,0.0,0.0,0.0,0.0,0.8839765854622251,0.8839765854622251,0.8839765854622251,0.8853365267358663,0.8853365267358663,0.8853365267358663,0.8862902944449256,0.8862902944449256,0.8862902944449256,0.0,0.0,0.0,0.0,0.0,0.0,0.0,0.0,0.0,0.8849089053733672,0.8849089053733672,0.8849089053733672,0.0,0.0,0.0,0.0,0.0,0.0,0.0,0.0,0.0,0.8821894387467829,0.8821894387467829,0.8821894387467829,0.8934943115859013,0.8934943115859013,0.8934943115859013,0.8777730297437115,0.8777730297437115,0.8777730297437115,0.879084905140257,0.879084905140257,0.879084905140257,0.0,0.0,0.0,0.887989272073814,0.887989272073814,0.887989272073814,0.0,0.0,0.0,0.0,0.0,0.0,0.8826375218678906,0.8826375218678906,0.8826375218678906,0.0,0.0,0.0,0.0,0.0,0.0,0.8923740559979217,0.8923740559979217,0.8923740559979217,0.0,0.0,0.0
Ne,0.578389929822434,0.578389929822434,0.578389929822434,0.5730695075119597,0.5730695075119597,0.5730695075119597,0.5679676359881785,0.5679676359881785,0.5679676359881785,0.0,0.0,0.0,0.5706317741678955,0.5706317741678955,0.5706317741678955,0.5715365733879154,0.5715365733879154,0.5715365733879154,0.0,0.0,0.0,0.0,0.0,0.0,0.0,0.0,0.0,0.5624957838864217,0.5624957838864217,0.5624957838864217,0.5653566989697744,0.5653566989697744,0.5653566989697744,0.5679938156441494,0.5679938156441494,0.5679938156441494,0.5658627699009716,0.5658627699009716,0.5658627699009716,0.5640928303302569,0.5640928303302569,0.5640928303302569,0.5664077685466541,0.5664077685466541,0.5664077685466541,0.5701690565262202,0.5701690565262202,0.5701690565262202,0.5695558661272835,0.5695558661272835,0.5695558661272835,0.5696602855737795,0.5696602855737795,0.5696602855737795,0.5658759085700681,0.5658759085700681,0.5658759085700681,0.5673979296225886,0.5673979296225886,0.5673979296225886,0.0,0.0,0.0,0.5668866716372859,0.5668866716372859,0.5668866716372859,0.5638093881091375,0.5638093881091375,0.5638093881091375,0.5704102379077711,0.5704102379077711,0.5704102379077711,0.0,0.0,0.0,0.5694122581223555,0.5694122581223555,0.5694122581223555,0.0,0.0,0.0
NH3,0.9852667298773861,0.9852634805224528,0.9215482832910129,0.9757429921671373,0.9757397110967749,0.9067570820076004,0.0,0.0,0.0,0.0,0.0,0.0,0.0,0.0,0.0,0.0,0.0,0.0,0.9749349801516397,0.9749316963619645,0.9037570340678698,0.0,0.0,0.0,0.0,0.0,0.0,0.0,0.0,0.0,0.0,0.0,0.0,0.0,0.0,0.0,0.0,0.0,0.0,0.0,0.0,0.0,0.9690797607283304,0.9690726210135137,0.8965190445895925,0.0,0.0,0.0,0.0,0.0,0.0,0.0,0.0,0.0,0.0,0.0,0.0,0.9699348103678299,0.9699315096496338,0.8966905098451023,0.0,0.0,0.0,0.0,0.0,0.0,0.9670445463127736,0.9670412356606108,0.8932992566440983,0.0,0.0,0.0,0.0,0.0,0.0,0.0,0.0,0.0,0.0,0.0,0.0
NH3O,0.8846046860503112,0.8846094260194982,1.5965912120233527,0.8743546953794952,0.8743594909146615,1.58984696554929,0.0,0.0,0.0,0.0,0.0,0.0,0.0,0.0,0.0,0.0,0.0,0.0,0.8739058027352787,0.8739082375438456,1.589599702109904,0.0,0.0,0.0,0.0,0.0,0.0,0.0,0.0,0.0,0.0,0.0,0.0,0.0,0.0,0.0,0.0,0.0,0.0,0.0,0.0,0.0,0.8676278636181609,0.8676303160443466,1.5851521472307113,0.0,0.0,0.0,0.0,0.0,0.0,0.0,0.0,0.0,0.0,0.0,0.0,0.867285032804449,0.8672874862000562,1.5851355169536179,0.0,0.0,0.0,0.0,0.0,0.0,0.8640906696245306,0.8640931320898044,1.5829302845587065,0.0,0.0,0.0,0.0,0.0,0.0,0.0,0.0,0.0,0.0,0.0,0.0
O2,0.6946809535588983,0.6946809535588983,1.3443570712708688,0.6875472809378276,0.6875472809378276,1.340376235689438,0.6824187906813528,0.6824187906813528,1.3374974863741755,0.0,0.0,0.0,0.6840272726699207,0.6840272726699207,1.3386261245656823,0.685065843199579,0.685065843199579,1.3392334588514572,0.6862721368697333,0.6862721368697333,1.339753811967795,0.0,0.0,0.0,0.0,0.0,0.0,0.6771588340125602,0.6771588340125602,1.3344680289237871,0.6803695469329517,0.6803695469329517,1.3355505183471112,0.6823813390115896,0.6823813390115896,1.336595627906394,0.6854862538328176,0.6854862538328176,1.3379507924110992,0.6792177647577395,0.6792177647577395,1.3353173873913788,0.6815432458353248,0.6815432458353248,1.3365069731373411,0.683792867248555,0.683792867248555,1.3383275621441628,0.6851743609613177,0.6851743609613177,1.3389263556581399,0.6853235448266388,0.6853235448266388,1.339006174561375,0.6843362932798465,0.6843362932798465,1.3370405512692902,0.683425810403002,0.683425810403002,1.3371395960855164,0.0,0.0,0.0,0.6828748551985935,0.6828748551985935,1.3378934863367256,0.6809634730521528,0.6809634730521528,1.3353086876874156,0.6863093762200105,0.6863093762200105,1.3391276289812661,0.0,0.0,0.0,0.6855337033518119,0.6855337033518119,1.3380810243618424,0.0,0.0,0.0
OF,0.656111217544888,0.690127335782403,1.4385895000665825,0.6498758881057033,0.6825733822389916,1.4351185991322375,0.0,0.0,0.0,0.0,0.0,0.0,0.0,0.0,0.0,0.6469080947999083,0.6797837469761551,1.4344614072624193,0.648144077628351,0.6811527057474402,1.4348858881799396,0.0,0.0,0.0,0.6423966601261066,0.6755987348140559,1.432324513836034,0.0,0.0,0.0,0.0,0.0,0.0,0.0,0.0,0.0,0.0,0.0,0.0,0.0,0.0,0.0,0.642161743447131,0.6751810739654782,1.4323608911838746,0.6451513710522425,0.6780186742829954,1.4336216521247855,0.6455444254954382,0.6776380023069754,1.4347695872492559,0.0,0.0,0.0,0.0,0.0,0.0,0.6433728569445103,0.6756667016797732,1.4334576997428177,0.6469114750193915,0.672731424925544,1.434741958761658,0.0,0.0,0.0,0.639838591640846,0.6723900383705874,1.4321258030239412,0.0,0.0,0.0,0.6416882443715998,0.6737772651167708,1.4324796128493567,0.6457171581956261,0.677779972787456,1.4343360027474528,0.6470737047890386,0.6788309200339342,1.4347561876263883
OH,0.0,0.0,0.0,0.6855001877623538,0.7619642052980938,0.850544395327172,0.0,0.0,0.0,0.0,0.0,0.0,0.0,0.0,0.0,0.6811541325410702,0.7583508299007202,0.8499394714249706,0.6825534483914876,0.7600482669833835,0.8510260856512224,0.6754850818156946,0.7536796068032564,0.8459158777724683,0.6754483922715504,0.7536357627306886,0.8458865805379773,0.0,0.0,0.0,0.0,0.0,0.0,0.0,0.0,0.0,0.0,0.0,0.0,0.0,0.0,0.0,0.6745060109937248,0.7525113869422693,0.8442585733876256,0.6782798593501064,0.7563547501521873,0.8484756589948366,0.0,0.0,0.0,0.0,0.0,0.0,0.0,0.0,0.0,0.6767252392465745,0.7530655574974127,0.8446449952739282,0.6793142962167398,0.7524180705786733,0.8445410804383936,0.0,0.0,0.0,0.6722241594884849,0.7490729956122805,0.8409161267588094,0.0,0.0,0.0,0.0,0.0,0.0,0.0,0.0,0.0,0.0,0.0,0.0
P,0.8338760432662239,0.8338760432662239,0.8338760432662239,0.8223603785608027,0.8223603785608027,0.8223603785608027,0.0,0.0,0.0,0.0,0.0,0.0,0.8183303754841317,0.8183303754841317,0.8183303754841317,0.8197464557288431,0.8197464557288431,0.8197464557288431,0.8211178409542282,0.8211178409542282,0.8211178409542282,0.0,0.0,0.0,0.0,0.0,0.0,0.0,0.0,0.0,0.8124339773626738,0.8124339773626738,0.8124339773626738,0.0,0.0,0.0,0.0,0.0,0.0,0.0,0.0,0.0,0.8159495943214466,0.8159495943214466,0.8159495943214466,0.8178396225911289,0.8178396225911289,0.8178396225911289,0.8200880060619511,0.8200880060619511,0.8200880060619511,0.820341809739493,0.820341809739493,0.820341809739493,0.0,0.0,0.0,0.8180577713340299,0.8180577713340299,0.8180577713340299,0.0,0.0,0.0,0.0,0.0,0.0,0.8155668089085856,0.8155668089085856,0.8155668089085856,0.0,0.0,0.0,0.0,0.0,0.0,0.8190992356403872,0.8190992356403872,0.8190992356403872,0.0,0.0,0.0
SF,0.0,0.0,0.0,0.0,0.0,0.0,0.0,0.0,0.0,0.7105744493408134,0.7594156536390332,1.618527618516876,0.0,0.0,0.0,0.0,0.0,0.0,0.0,0.0,0.0,0.0,0.0,0.0,0.0,0.0,0.0,0.0,0.0,0.0,0.0,0.0,0.0,0.0,0.0,0.0,0.0,0.0,0.0,0.0,0.0,0.0,0.7043573157084407,0.7538166030938825,1.6160622243602822,0.0,0.0,0.0,0.0,0.0,0.0,0.0,0.0,0.0,0.0,0.0,0.0,0.0,0.0,0.0,0.0,0.0,0.0,0.0,0.0,0.0,0.7024314899006165,0.7518869349736036,1.616614490290742,0.0,0.0,0.0,0.0,0.0,0.0,0.0,0.0,0.0,0.0,0.0,0.0
HCl,0.7732346423412927,0.7732346423412927,0.8674988819863286,0.7643131959260332,0.7643131959260332,0.8606104049620061,0.0,0.0,0.0,0.0,0.0,0.0,0.0,0.0,0.0,0.7615738103135872,0.7615738103135872,0.8599736619683375,0.7627443958204843,0.7627443958204843,0.8606998527355798,0.0,0.0,0.0,0.0,0.0,0.0,0.0,0.0,0.0,0.7564776119144425,0.7564776119144425,0.8546494754972718,0.0,0.0,0.0,0.0,0.0,0.0,0.0,0.0,0.0,0.7598362947226052,0.7598362947226052,0.856068531997977,0.7605670778110238,0.7605670778110238,0.858879406689797,0.0,0.0,0.0,0.0,0.0,0.0,0.0,0.0,0.0,0.7604503083407591,0.7604503083407591,0.8573356361351618,0.0,0.0,0.0,0.0,0.0,0.0,0.7593985751274199,0.7593985751274199,0.8551132985440342,0.0,0.0,0.0,0.0,0.0,0.0,0.0,0.0,0.0,0.0,0.0,0.0
NH,0.7904954933695069,0.7904954933695069,1.000868682266142,0.7806766150510082,0.7806766150510082,0.9891874771612905,0.0,0.0,0.0,0.0,0.0,0.0,0.0,0.0,0.0,0.0,0.0,0.0,0.7775334864492977,0.7775334864492977,0.9884036284867577,0.0,0.0,0.0,0.0,0.0,0.0,0.0,0.0,0.0,0.7669492304008786,0.7669492304008786,0.9831718271287075,0.0,0.0,0.0,0.0,0.0,0.0,0.0,0.0,0.0,0.7689157933902776,0.7689157933902776,0.9833010681578137,0.7724249429556247,0.7724249429556247,0.9849809298339078,0.0,0.0,0.0,0.0,0.0,0.0,0.0,0.0,0.0,0.7714015840500977,0.7714015840500977,0.9828858467754188,0.0,0.0,0.0,0.0,0.0,0.0,0.766597744053229,0.766597744053229,0.9805099526395723,0.0,0.0,0.0,0.0,0.0,0.0,0.0,0.0,0.0,0.0,0.0,0.0
PH,0.0,0.0,0.0,0.0,0.0,0.0,0.0,0.0,0.0,0.0,0.0,0.0,0.0,0.0,0.0,0.0,0.0,0.0,0.0,0.0,0.0,0.0,0.0,0.0,0.0,0.0,0.0,0.0,0.0,0.0,0.8111407181324952,0.8111407181324952,1.033256384873666,0.0,0.0,0.0,0.0,0.0,0.0,0.0,0.0,0.0,0.0,0.0,0.0,0.0,0.0,0.0,0.0,0.0,0.0,0.0,0.0,0.0,0.0,0.0,0.0,0.0,0.0,0.0,0.0,0.0,0.0,0.0,0.0,0.0,0.0,0.0,0.0,0.0,0.0,0.0,0.0,0.0,0.0,0.0,0.0,0.0,0.0,0.0,0.0
SiO,0.0,0.0,0.0,0.0,0.0,0.0,0.0,0.0,0.0,0.0,0.0,0.0,0.0,0.0,0.0,0.0,0.0,0.0,0.0,0.0,0.0,0.0,0.0,0.0,0.0,0.0,0.0,0.0,0.0,0.0,0.0,0.0,0.0,0.0,0.0,0.0,0.0,0.0,0.0,0.0,0.0,0.0,0.0,0.0,0.0,0.0,0.0,0.0,0.0,0.0,0.0,0.0,0.0,0.0,0.0,0.0,0.0,0.0,0.0,0.0,0.0,0.0,0.0,0.0,0.0,0.0,0.0,0.0,0.0,0.0,0.0,0.0,0.0,0.0,0.0,0.0,0.0,0.0,0.0,0.0,0.0
