method,Slater,Slater,Slater,SPW92,SPW92,SPW92,B97-D3,B97-D3,B97-D3,BLYP,BLYP,BLYP,BPBE,BPBE,BPBE,mPW91,mPW91,mPW91,N12,N12,N12,PBE,PBE,PBE,SOGGA11,SOGGA11,SOGGA11,B97M-V,B97M-V,B97M-V,M06-L,M06-L,M06-L,mBEEF,mBEEF,mBEEF,MGGA_MS2,MGGA_MS2,MGGA_MS2,MN15-L,MN15-L,MN15-L,revM06-L,revM06-L,revM06-L,SCAN,SCAN,SCAN,TPSS,TPSS,TPSS,B3LYP,B3LYP,B3LYP,B97-2,B97-2,B97-2,HFLYP,HFLYP,HFLYP,M06-2X,M06-2X,M06-2X,PBE0,PBE0,PBE0,M06,M06,M06,M08-HX,M08-HX,M08-HX,MN15,MN15,MN15,SCAN0,SCAN0,SCAN0,TPSSh,TPSSh,TPSSh,CAM-B3LYP,CAM-B3LYP,CAM-B3LYP,wB97X-D,wB97X-D,wB97X-D,wB97X-V,wB97X-V,wB97X-V,wB97M-V,wB97M-V,wB97M-V,wM05-D,wM05-D,wM05-D
component,XX,YY,ZZ,XX,YY,ZZ,XX,YY,ZZ,XX,YY,ZZ,XX,YY,ZZ,XX,YY,ZZ,XX,YY,ZZ,XX,YY,ZZ,XX,YY,ZZ,XX,YY,ZZ,XX,YY,ZZ,XX,YY,ZZ,XX,YY,ZZ,XX,YY,ZZ,XX,YY,ZZ,XX,YY,ZZ,XX,YY,ZZ,XX,YY,ZZ,XX,YY,ZZ,XX,YY,ZZ,XX,YY,ZZ,XX,YY,ZZ,XX,YY,ZZ,XX,YY,ZZ,XX,YY,ZZ,XX,YY,ZZ,XX,YY,ZZ,XX,YY,ZZ,XX,YY,ZZ,XX,YY,ZZ,XX,YY,ZZ,XX,YY,ZZ
molecule,,,,,,,,,,,,,,,,,,,,,,,,,,,,,,,,,,,,,,,,,,,,,,,,,,,,,,,,,,,,,,,,,,,,,,,,,,,,,,,,,,,,,,,,,,,,,,,,
AlF,0.748361093921547,0.748361093921547,1.7521481484732255,0.735601331892363,0.735601331892363,1.7471143597536007,0.7341228364362962,0.7341228364362962,1.7504677696302324,0.736480580429654,0.736480580429654,1.7501494615108055,0.732911149498417,0.732911149498417,1.7488948883174782,0.7342195008956481,0.7342195008956481,1.7491885234516276,0.0,0.0,0.0,0.7358310020464803,0.7358310020464803,1.7495727040852576,0.0,0.0,0.0,0.7335034215139882,0.7335034215139882,1.7538891513603436,0.7248343127445183,0.7248343127445183,1.7488584212468357,0.7305997075752844,0.7305997075752844,1.7519039742807196,0.7320253054027572,0.7320253054027572,1.7514869869453178,0.7458528855795041,0.7458528855795041,1.759750392867979,0.7285337819333993,0.7285337819333993,1.7583674830553235,0.7321730205137184,0.7321730205137184,1.751018051530094,0.7336278069851349,0.7336278069851349,1.7512681830156718,0.7320645451361885,0.7320645451361885,1.7512250972785075,0.0,0.0,0.0,0.0,0.0,0.0,0.7280976146968706,0.7280976146968706,1.7501183932581466,0.7309211140714534,0.7309211140714534,1.7515189459954332,0.0,0.0,0.0,0.7308448217271944,0.7308448217271944,1.7543406148958742,0.73740002790517,0.73740002790517,1.7509029242780398,0.7292987638260344,0.7292987638260344,1.7523172725072522,0.0,0.0,0.0,0.7313532870271758,0.7313532870271758,1.7523969456581596,0.0,0.0,0.0,0.7315866004631801,0.7315866004631801,1.7543900715394225,0.7336554453370651,0.7336554453370651,1.7507439449380346,0.0,0.0,0.0
Ar,0.7045265335552191,0.7045265335552191,0.7045265335552191,0.6979057492519236,0.6979057492519236,0.6979057492519236,0.6934200447540196,0.6934200447540196,0.6934200447540196,0.6990825023517929,0.6990825023517929,0.6990825023517929,0.6950205238776127,0.6950205238776127,0.6950205238776127,0.6960182126528331,0.6960182126528331,0.6960182126528331,0.0,0.0,0.0,0.6969285427303307,0.6969285427303307,0.6969285427303307,0.0,0.0,0.0,0.6938785515812147,0.6938785515812147,0.6938785515812147,0.6905579470455595,0.6905579470455595,0.6905579470455595,0.6910034095188436,0.6910034095188436,0.6910034095188436,0.6930267974616855,0.6930267974616855,0.6930267974616855,0.6963356289295175,0.6963356289295175,0.6963356289295175,0.6918158630171921,0.6918158630171921,0.6918158630171921,0.6937475805523378,0.6937475805523378,0.6937475805523378,0.6950977771028573,0.6950977771028573,0.6950977771028573,0.6967803615798406,0.6967803615798406,0.6967803615798406,0.0,0.0,0.0,0.0,0.0,0.0,0.6949402902847921,0.6949402902847921,0.6949402902847921,0.6945062739857398,0.6945062739857398,0.6945062739857398,0.0,0.0,0.0,0.6956679968682379,0.6956679968682379,0.6956679968682379,0.6916695723834547,0.6916695723834547,0.6916695723834547,0.6931251302013705,0.6931251302013705,0.6931251302013705,0.0,0.0,0.0,0.697207038033419,0.697207038033419,0.697207038033419,0.6933217538416057,0.6933217538416057,0.6933217538416057,0.695486883968506,0.695486883968506,0.695486883968506,0.6975653629907699,0.6975653629907699,0.6975653629907699,0.0,0.0,0.0
BeH,1.0396474703475214,1.0396474703475214,1.6487272300543192,1.0210160186402562,1.0210160186402562,1.6229892291842978,1.011990463374038,1.011990463374038,1.6222704626671456,1.0097987794803478,1.0097987794803478,1.6220269036326205,1.0033580298976035,1.0033580298976035,1.6180906956698868,1.0067681928328884,1.0067681928328884,1.6192358879469795,0.0,0.0,0.0,1.0102993139461196,1.0102993139461196,1.6202855454011187,0.0,0.0,0.0,1.0273243599662183,1.0273243599662183,1.6426538080587245,0.9839641703232898,0.9839641703232898,1.6156648002063831,0.9977776864712901,0.9977776864712901,1.6238103124509151,0.9950617061569599,0.9950617061569599,1.6195689873845502,1.0225149561546765,1.0225149561546765,1.650446413423202,0.9982097700082884,0.9982097700082884,1.6408482004769545,1.001318237455006,1.001318237455006,1.6198093382186278,1.0007834959570427,1.0007834959570427,1.6165710060376588,1.0027428206374756,1.0027428206374756,1.62251952806415,0.0,0.0,0.0,0.0,0.0,0.0,1.0068715745615227,1.0068715745615227,1.616182538572528,1.002001102963465,1.002001102963465,1.6218951776702022,0.0,0.0,0.0,1.0071816560779887,1.0071816560779887,1.6338910794523298,1.0328818356327116,1.0328818356327116,1.6270494128998199,0.9985597695280939,0.9985597695280939,1.6204712718615921,0.0,0.0,0.0,1.0025722741628158,1.0025722741628158,1.6254348871481998,1.0028021343515379,1.0028021343515379,1.6340918647163465,1.0009469195017286,1.0009469195017286,1.6335337955732794,1.0251654586748424,1.0251654586748424,1.6307031612395413,0.0,0.0,0.0
BeH2,0.9471950582993276,0.9471950582993276,1.8931679603977598,0.9264352325356227,0.9264352325356227,1.8818533876544723,0.9115222001410608,0.9115222001410608,1.8912197420430235,0.9156319342672579,0.9156319342672579,1.8910035134798877,0.910345554903924,0.910345554903924,1.8836271059695655,0.9130570362158836,0.9130570362158836,1.884814136095815,0.0,0.0,0.0,0.9159972534620396,0.9159972534620396,1.8846629217431112,0.0,0.0,0.0,0.9120725932183249,0.9120725932183249,1.91296855998993,0.894437491303892,0.894437491303892,1.8851263882146683,0.9045900604601697,0.9045900604601697,1.8937667573190244,0.9036581006940623,0.9036581006940623,1.8834067161290329,0.9186515893961106,0.9186515893961106,1.9179109970077548,0.8996382952053564,0.8996382952053564,1.9102882296117725,0.9074211639494273,0.9074211639494273,1.888446209716676,0.9038637626600593,0.9038637626600593,1.8837520917333965,0.9099915838072351,0.9099915838072351,1.8901252403107967,0.0,0.0,0.0,0.0,0.0,0.0,0.9083219793571734,0.9083219793571734,1.8836567086104834,0.9089424761593369,0.9089424761593369,1.8850738020061568,0.0,0.0,0.0,0.9111890849141394,0.9111890849141394,1.8973294468699806,0.9153612334574076,0.9153612334574076,1.9019802838077162,0.9049735296405084,0.9049735296405084,1.8886758527673861,0.0,0.0,0.0,0.912405385880275,0.912405385880275,1.8910886973804129,0.9092082737286692,0.9092082737286692,1.8904333378073082,0.9097123941022973,0.9097123941022973,1.8905906448232734,0.9171328714804633,0.9171328714804633,1.8952024442021878,0.0,0.0,0.0
BF,0.7724799423286017,0.7724799423286017,1.4444190743324463,0.7596623245890243,0.7596623245890243,1.437594761406464,0.7532669017685564,0.7532669017685564,1.4383296251589635,0.7582629012420429,0.7582629012420429,1.4395645519048152,0.7531999235594757,0.7531999235594757,1.4369398380646494,0.7549218395304246,0.7549218395304246,1.4374045658016446,0.0,0.0,0.0,0.7566854563819765,0.7566854563819765,1.437828064494407,0.0,0.0,0.0,0.7519791716197995,0.7519791716197995,1.440890581945184,0.7437812948710124,0.7437812948710124,1.4366985810389856,0.7486526280926289,0.7486526280926289,1.437530639628734,0.7495352456689413,0.7495352456689413,1.4386869458768805,0.7574605675875148,0.7574605675875148,1.4462152820754766,0.7447588235798217,0.7447588235798217,1.4446814603865583,0.7508589948851915,0.7508589948851915,1.438264033365286,0.7515411940472725,0.7515411940472725,1.4385423527585792,0.7529742689162757,0.7529742689162757,1.4395486176922372,0.0,0.0,0.0,0.0,0.0,0.0,0.7497548523350815,0.7497548523350815,1.4367377004489479,0.7505866491285333,0.7505866491285333,1.438389167739211,0.0,0.0,0.0,0.7496308887379175,0.7496308887379175,1.4405093795175339,0.7525827387071803,0.7525827387071803,1.4380333614535588,0.7478080279389892,0.7478080279389892,1.4387324880679828,0.0,0.0,0.0,0.7532069741777488,0.7532069741777488,1.440706438951725,0.7493970730193708,0.7493970730193708,1.4396531062234572,0.7517425541367205,0.7517425541367205,1.4410042970576935,0.7554703366777547,0.7554703366777547,1.4391602797913818,0.0,0.0,0.0
BH2,0.8725733061468245,1.1208751387409794,1.447400346128386,0.8580528258796193,1.100327882308514,1.4354671779851227,0.8442453184353468,1.0899789912125064,1.4352488892775954,0.8506934051701589,1.0958836619886092,1.4402021626398747,0.8448929701447397,1.0901286033022703,1.433290205182667,0.8473720938879212,1.0920414366832467,1.4347826021988739,0.0,0.0,0.0,0.8499189686081845,1.0947161078914283,1.4354597789114718,0.0,0.0,0.0,0.8471151045755234,1.0975840718933094,1.4443113988584912,0.8266375933261202,1.076951193312139,1.4315625657555355,0.8377159066771981,1.08594904591734,1.4353006896022071,0.8375574086592512,1.0869706645608481,1.4309689038104816,0.8520345099231604,1.1048814280175425,1.4521695610955945,0.8311799267306689,1.085653916201812,1.4427552431277357,0.8399254158554794,1.0862000789538189,1.4333383712761518,0.840399480425827,1.0880123649919073,1.4333494862986387,0.8456845686188202,1.0911961848040097,1.4370349214520055,0.0,0.0,0.0,0.0,0.0,0.0,0.8478983653127302,1.090230474181351,1.435074974512681,0.8437985894750003,1.0895057725539774,1.4325823474315784,0.0,0.0,0.0,0.8499189686081845,1.091321447741628,1.4385049750600696,0.8540204546730716,1.0955661054265866,1.4422435157325448,0.8387042577094741,1.0845393038925442,1.4324118163337565,0.0,0.0,0.0,0.8475412881978082,1.0917127788028855,1.437053398789541,0.8424506776067071,1.089705143351864,1.4331012302599464,0.8463311189481337,1.0935931095460523,1.435396885245531,0.8565537611849008,1.0997194097997076,1.4410868583373355,0.0,0.0,0.0
BH2F,0.7315998809202336,1.0560760458155223,1.6248067989086497,0.7218875371032527,1.0469018036068851,1.619638512757461,0.7133174038296346,1.0464445325758307,1.6194735182420201,0.7185875104371423,1.0500440235094188,1.6217285556192782,0.7147621053758026,1.0453604904088585,1.618784157966737,0.7161844284601209,1.0463024271011938,1.6193771565855686,0.0,0.0,0.0,0.7178823181718227,1.0471902699404005,1.6198320862508406,0.0,0.0,0.0,0.7121145095944893,1.0503825023243194,1.6212465146047703,0.705022123823962,1.0435542195462817,1.617529453809785,0.7096895097065337,1.0455293905399545,1.618485947048039,0.7114388247813371,1.0438591913251993,1.6174539158468546,0.7151813026166862,1.0550899861838083,1.6235938108438983,0.7075419360142197,1.0511873340961158,1.6214473455962612,0.711657594914858,1.0443620888258052,1.6181886778699437,0.7130046510411066,1.0452960344809499,1.6185764068482908,0.7142711045971971,1.046415668963151,1.6200569229154889,0.0,0.0,0.0,0.0,0.0,0.0,0.711967676140392,1.0436098779784038,1.6186658823701872,0.7125906942540717,1.0433916799321332,1.6182026537403742,0.0,0.0,0.0,0.713981548628009,1.0461847313938388,1.6207075383229175,0.7136495534880899,1.0468995843270255,1.6197556277852625,0.709322751846788,1.0423535009722464,1.6175810413887175,0.0,0.0,0.0,0.715782048457315,1.0465155780770055,1.620259482808737,0.7109095800056081,1.0430175199399092,1.6180470591653708,0.7384779434502429,1.0654089995872942,1.63089937688454,0.0,0.0,0.0,0.0,0.0,0.0
BH3,1.3609008147668624,1.3608806881138589,0.8433823209923836,1.3490350801158248,1.3490147764317668,0.8296395079415517,1.3488593999359646,1.3488390936074437,0.8165932410325228,1.352031898004115,1.3520116393244364,0.821466740402495,1.3458555178614495,1.3458351662095362,0.8168208247835017,1.3472496553379074,1.347229324746255,0.8190080847357369,0.0,0.0,0.0,1.3482357227440274,1.3482188535967556,0.8213196549227956,0.0,0.0,0.0,1.3538556355121878,1.353835404122765,0.8157677176975687,1.3433258206437149,1.3433054306658072,0.8037803966724991,1.347922052269941,1.3478913896006266,0.8118908228327255,1.3443735267943988,1.3443358700467236,0.8115072681205635,1.3615732957669264,1.361553179054623,0.8210650216334879,1.3541953827257018,1.3541751564121054,0.8079378147713474,1.3461558625194967,1.3461562264514886,0.8142168921347063,1.3462283494668021,1.3462114551654767,0.8127831742537489,1.349276172530335,1.3492558724742503,0.8181509213005874,0.0,0.0,0.0,0.0,0.0,0.0,1.3471013380294037,1.3470810051992976,0.8186392171158184,1.3456483445566714,1.345631442973428,0.8170710936938107,0.0,0.0,0.0,1.3500060754708145,1.349982344317719,0.8213705721079859,1.351457822125097,1.3514375548397528,0.8201363556750793,1.3453824254075903,1.3453793357894575,0.8137659146830863,0.0,0.0,0.0,1.3499750970464641,1.349954807500514,0.8211782017321211,1.3458796860030282,1.3458627873250117,0.8153859866652112,0.0,0.0,0.0,1.3523033819221595,1.3522831273096068,0.8244311210768308,0.0,0.0,0.0
BO,0.786984711585448,0.786984711585448,1.356486598614781,0.7778956545410485,0.7778956545410485,1.3490207338856395,0.7728616569955106,0.7728616569955106,1.3478662092634626,0.7776640334755996,0.7776640334755996,1.349562089305845,0.7729541494810672,0.7729541494810672,1.3466994970254837,0.774336518148577,0.774336518148577,1.3474992794671645,0.0,0.0,0.0,0.7758528046409517,0.7758528046409517,1.3484466451055168,0.0,0.0,0.0,0.7742478841082835,0.7742478841082835,1.3459615135891903,0.7639227536311408,0.7639227536311408,1.343614706814995,0.7683605459277966,0.7683605459277966,1.3433436815247852,0.7702116704866566,0.7702116704866566,1.3455000214862398,0.7778368366774022,0.7778368366774022,1.3475968842359782,0.7667324839914456,0.7667324839914456,1.3447857933701433,0.7707943362581827,0.7707943362581827,1.3434940191205462,0.7727580522687253,0.7727580522687253,1.347098805376331,0.7737158666411771,0.7737158666411771,1.3459126749659898,0.0,0.0,0.0,0.0,0.0,0.0,0.7725952167706729,0.7725952167706729,1.342231395856017,0.7714136314585062,0.7714136314585062,1.3442354505016767,0.0,0.0,0.0,0.7744066795692935,0.7744066795692935,1.344078361591838,0.7745137557997772,0.7745137557997772,1.3423694473259769,0.7690189861565387,0.7690189861565387,1.3411026266895123,0.0,0.0,0.0,0.7743291323660562,0.7743291323660562,1.3456457740419936,0.7705308922973921,0.7705308922973921,1.3434274817914358,0.7739966992078295,0.7739966992078295,1.3459735679008076,0.7782043753905031,0.7782043753905031,1.3455695173037017,0.0,0.0,0.0
BS,0.8349940291802491,0.8349940291802491,1.516450697483695,0.825257362624937,0.825257362624937,1.5101724923023765,0.8216199937724658,0.8216199937724658,1.5088705376016458,0.8260292044272205,0.8260292044272205,1.510933952028234,0.8209130123831636,0.8209130123831636,1.507381667185392,0.8222940769173358,0.8222940769173358,1.5082435446553335,0.0,0.0,0.0,0.8235223726772698,0.8235223726772698,1.5092160348155783,0.0,0.0,0.0,0.824121872419365,0.824121872419365,1.507070668760143,0.8148723891096896,0.8148723891096896,1.504136361956323,0.8179751067320652,0.8179751067320652,1.5036398681840737,0.8196484118409144,0.8196484118409144,1.5055985186509677,0.8314184215343479,0.8314184215343479,1.5081547370454715,0.8186197557474411,0.8186197557474411,1.505002764427969,0.8217018608351816,0.8217018608351816,1.5045637164597605,0.8213851192954497,0.8213851192954497,1.5077407252476047,0.8252123162354442,0.8252123162354442,1.5070735251720573,0.0,0.0,0.0,0.0,0.0,0.0,0.8254375235998583,0.8254375235998583,1.5040097521377744,0.8230557932080506,0.8230557932080506,1.5048568477171673,0.0,0.0,0.0,0.827743970238785,0.827743970238785,1.5056626886029474,0.825208025974865,0.825208025974865,1.5032026428503373,0.8229116806600006,0.8229116806600006,1.5022308422566608,0.0,0.0,0.0,0.8261384903674848,0.8261384903674848,1.5054244888878126,0.8230106263185996,0.8230106263185996,1.5031524917657322,0.8253045514434858,0.8253045514434858,1.504392108015388,0.8293997012498457,0.8293997012498457,1.5059322667394082,0.0,0.0,0.0
C2H,0.8726842529936454,0.8726842529936454,1.5542354874679654,0.8607774044968349,0.8607774044968349,1.547620600955358,0.8564445405503275,0.8564445405503275,1.5465061638352477,0.8611095432504061,0.8611095432504061,1.5502138273112431,0.8555124984565594,0.8555124984565594,1.5458932203845928,0.857098702362982,0.857098702362982,1.5468959256175199,0.0,0.0,0.0,0.858595388276242,0.858595388276242,1.5475258577768956,0.0,0.0,0.0,0.8592878469809933,0.8592878469809933,1.5449144266868384,0.8476786433503605,0.8476786433503605,1.5427838989119547,0.8529818464115706,0.8529818464115706,1.5428352911340513,0.8547835288989389,0.8547835288989389,1.5436218812977396,0.8686346827238534,0.8686346827238534,1.5474371906463213,0.8525425703469864,0.8525425703469864,1.5424923615570807,0.8561306325420923,0.8561306325420923,1.5428849943202572,0.8564846056320076,0.8564846056320076,1.5455952498647412,0.8602423916682304,0.8602423916682304,1.5464047184560175,0.0,0.0,0.0,0.0,0.0,0.0,0.8605780597142473,0.8605780597142473,1.5440490889563039,0.8580356867421524,0.8580356867421524,1.5433064038996205,0.0,0.0,0.0,0.8617668003227216,0.8617668003227216,1.5444026077365125,0.8594409115501507,0.8594409115501507,1.5463041005811422,0.8572354792004354,0.8572354792004354,1.5411847220783728,0.0,0.0,0.0,0.8615278557664507,0.8615278557664507,1.5455974959654384,0.8574989632960767,0.8574989632960767,1.5420896319431423,0.8607674383541523,0.8607674383541523,1.5442491649517895,0.8644338358050403,0.8644338358050403,1.5464392419794764,0.0,0.0,0.0
C2H2,0.8681772123535609,0.8681772123535609,1.7087401056690235,0.8555767192660165,0.8555767192660165,1.7027796841552303,0.8513267946270692,0.8513267946270692,1.7037742760330037,0.8556946438128499,0.8556946438128499,1.7073643172948725,0.8498689807258528,0.8498689807258528,1.7026143821992652,0.8515887490156268,0.8515887490156268,1.7035685460443866,0.0,0.0,0.0,0.8531463370665082,0.8531463370665082,1.7040391947287439,0.0,0.0,0.0,0.8531618985866634,0.8531618985866634,1.7022728112796097,0.8420975968378013,0.8420975968378013,1.7005998395924262,0.8480925020302915,0.8480925020302915,1.7009058416684286,0.8497877441455601,0.8497877441455601,1.700913647123741,0.8624297141796543,0.8624297141796543,1.705283761320029,0.8466416640763671,0.8466416640763671,1.7011665244977592,0.8510117188969845,0.8510117188969845,1.699162766900742,0.8509742764032295,0.8509742764032295,1.7025317252027303,0.8550023805814811,0.8550023805814811,1.703225607508232,0.0,0.0,0.0,0.0,0.0,0.0,0.8544929143064909,0.8544929143064909,1.6998252209041333,0.8528506142344039,0.8528506142344039,1.699553396019609,0.0,0.0,0.0,0.8554898170931083,0.8554898170931083,1.6999345634823082,0.8533672840576911,0.8533672840576911,1.703305113043986,0.8526700172399637,0.8526700172399637,1.6970361694500757,0.0,0.0,0.0,0.8564483563531429,0.8564483563531429,1.7018984082552593,0.8520313935237364,0.8520313935237364,1.6981811101946063,0.8550986480225542,0.8550986480225542,1.700150103967819,0.8586405863340026,0.8586405863340026,1.7020341388678977,0.0,0.0,0.0
CH2BH,0.9495562344063674,1.0416995281540034,1.9104780538742627,0.9325504583935392,1.0305801426896761,1.9038481114551375,0.9288730045059982,1.0275612327283825,1.9061810914763493,0.9321944747208063,1.031635960989279,1.9090930788284168,0.9256945219671553,1.0256731377521169,1.90392342730937,0.9276916520859719,1.027395839881724,1.9049240846146296,0.0,0.0,0.0,0.9295730973140305,1.0286614512590004,1.905303278456814,0.0,0.0,0.0,0.9301756120754833,1.0271140938845464,1.908706606867715,0.9172226180159319,1.0187193151974065,1.904157383483552,0.9230748216694029,1.0234962254479851,1.9046938437854504,0.9255855158222821,1.0237504370725676,1.9038471877394645,0.9415191172780296,1.0344119827255835,1.9118427589324898,0.9206351560471717,1.0218449068749489,1.9082044323369627,0.9275456664229531,1.0243856901364217,1.9028156560134442,0.9272736710648048,1.0259319862964957,1.904768152295045,0.9310287448569997,1.0289789011229884,1.9061895825934303,0.0,0.0,0.0,0.0,0.0,0.0,0.9294731163406503,1.0285427049988118,1.903516958580091,0.9288501354362825,1.0259061043810358,1.9024548330140476,0.0,0.0,0.0,0.0,0.0,0.0,0.9299415057948539,1.0306522817644528,1.9060702848668267,0.9288815802619836,1.024326070890648,1.901527778692497,0.0,0.0,0.0,0.9320805312310735,1.0298971476590626,1.905059552880228,0.9286328511850096,1.0253727915769333,1.9019688177190015,0.930669326049806,1.0283206643388398,1.9032438242914265,0.9344476947908855,1.0323023725906442,1.905819905859475,0.0,0.0,0.0
CH2-t,0.9055381660786033,1.2160718257450462,0.9389227367704627,0.8922111991563433,1.2056066577177609,0.9265805782845049,0.877496747558075,1.20329187466441,0.9142726114089046,0.8896921273746892,1.2094663104116998,0.9244601427548388,0.8830552406205968,1.2036123516402155,0.9184437591152742,0.8850368316347066,1.204993673259694,0.9203421132367033,0.0,0.0,0.0,0.887537703403354,1.205756964802978,0.9224229121272672,0.0,0.0,0.0,0.884511643281195,1.2062501487547639,0.9200075674615681,0.8665623791308967,1.1970157195796929,0.9055460818085335,0.8736278428555835,1.2015296570344778,0.9119034193966391,0.8775232243579084,1.2010654858222303,0.9144096338571629,0.8902560168078058,1.212708428202505,0.9247199564489631,0.869848574695619,1.2015915329817324,0.9082341389796575,0.87706771204537,1.2010693546568783,0.9137957106427689,0.8809848053315108,1.2032069146486775,0.9164807026452305,0.8838652336258623,1.2050669393786346,0.9193732571524296,0.0,0.0,0.0,0.0,0.0,0.0,0.8819811175062083,1.2028399729477275,0.9173956362992388,0.8808107304991806,1.2011428601475305,0.9165237741730778,0.0,0.0,0.0,0.8843855516685017,1.2035698836932527,0.9195957677327058,0.884952822443095,1.2065236248032567,0.921213713675483,0.874951244341649,1.199195379763402,0.9118368513996717,0.0,0.0,0.0,0.8843224991200891,1.2047044213865865,0.9200981865535958,0.8783965110358761,1.199966231976296,0.9145042888183326,0.9214697470752906,1.225659380663482,0.953006461579919,0.8895145326454762,1.206577542341722,0.924486123192452,0.0,0.0,0.0
CH3,1.1508656278094183,1.1508461236678034,0.8953352233971116,1.1406455048669444,1.1406258259662583,0.8798248295478418,1.1375270686868901,1.137507335837194,0.86506799959438,1.1429534520782598,1.1429338129155395,0.8755942105475826,1.137018606803605,1.13699523237791,0.8690932440576596,1.1385070324751572,1.1384873166106997,0.8711297112944777,0.0,0.0,0.0,1.1395586475063493,1.1395389498365303,0.8735303244116182,0.0,0.0,0.0,1.1384634964410243,1.138440151681769,0.8693831025822596,1.1309978417239697,1.1309779949549505,0.8535850631307932,1.1350370680906563,1.1350172919510413,0.8594202087583362,1.134538412187407,1.134518627355569,0.8628305531923532,1.1452675678760498,1.145247968396698,0.8789840940224372,1.1356664448467888,1.1356466796671343,0.8570812793558277,1.1348660210140595,1.1348680795361625,0.8633856744043572,1.13716027260201,1.1371405333872855,0.866532588295315,1.139130866121599,1.1391111610545244,0.8706174828821209,0.0,0.0,0.0,0.0,0.0,0.0,1.137850187036867,1.1378304597908582,0.871276684195223,1.1354991301605601,1.135479362068475,0.8676853425189469,0.0,0.0,0.0,1.138731942135564,1.1387086028797357,0.870959001962779,1.1394354049342206,1.1394157051338434,0.8722148300861561,1.133423833723415,1.1334222506614833,0.8622319621643457,0.0,0.0,0.0,1.1393774038169804,1.1393577030137483,0.8712008303102868,1.1342726154999805,1.134252826031837,0.8657695938810099,1.1375779023755546,1.1375581704076538,0.8705368268807216,1.1602021582397948,1.160182811057085,0.9052769942092004,0.0,0.0,0.0
CH4,1.1046642783070413,1.1046642783070413,1.1046642783070413,1.0944950340717021,1.0944950340717021,1.0944950340717021,1.0907116554651906,1.0907116554651906,1.0907116554651906,1.0955168850262493,1.0955168850262493,1.0955168850262493,1.0899752313918039,1.0899752313918039,1.0899752313918039,1.091416928931202,1.091416928931202,1.091416928931202,0.0,0.0,0.0,1.0925913730245247,1.0925913730245247,1.0925913730245247,0.0,0.0,0.0,1.0910864952274024,1.0910864952274024,1.0910864952274024,1.0838429140966952,1.0838429140966952,1.0838429140966952,1.0884769823095095,1.0884769823095095,1.0884769823095095,1.0882549705687616,1.0882549705687616,1.0882549705687616,1.0966225332344837,1.0966225332344837,1.0966225332344837,1.0880875779263433,1.0880875779263433,1.0880875779263433,1.0886477297627621,1.0886477297627621,1.0886477297627621,1.0900536705858186,1.0900536705858186,1.0900536705858186,1.0923429727872178,1.0923429727872178,1.0923429727872178,0.0,0.0,0.0,0.0,0.0,0.0,1.0910149448553013,1.0910149448553013,1.0910149448553013,1.089197354700982,1.089197354700982,1.089197354700982,0.0,0.0,0.0,1.0918357886915122,1.0918357886915122,1.0918357886915122,1.0916927814763713,1.0916927814763713,1.0916927814763713,1.087574991316744,1.087574991316744,1.087574991316744,0.0,0.0,0.0,1.093013183766608,1.093013183766608,1.093013183766608,1.0879372442184412,1.0879372442184412,1.0879372442184412,1.0909672420002428,1.0909672420002428,1.0909672420002428,1.094094180931247,1.094094180931247,1.094094180931247,0.0,0.0,0.0
ClF,0.7170934440664458,0.7170934440664458,1.617317730228956,0.709718217637221,0.709718217637221,1.6144643907268035,0.7053614735722388,0.7053614735722388,1.613081760107899,0.710640282968059,0.710640282968059,1.6157111396729802,0.7067971512311446,0.7067971512311446,1.6134330062528037,0.7077674659883276,0.7077674659883276,1.6139321610294226,0.0,0.0,0.0,0.7088736182602543,0.7088736182602543,1.6142486983549182,0.0,0.0,0.0,0.7063155425026192,0.7063155425026192,1.6125278071543425,0.7030082621819987,0.7030082621819987,1.610781347800758,0.7034047372929428,0.7034047372929428,1.6119106344921508,0.7055337470231041,0.7055337470231041,1.6121541724389388,0.7094663540864847,0.7094663540864847,1.6137316749366626,0.7041381353579599,0.7041381353579599,1.6116083412976434,0.7055661702627408,0.7055661702627408,1.6127068921159515,0.7069043555640216,0.7069043555640216,1.6133819303597758,0.7078563449571911,0.7078563449571911,1.6149479520024905,0.0,0.0,0.0,0.0,0.0,0.0,0.7055722494542994,0.7055722494542994,1.614576691343816,0.7058680401681104,0.7058680401681104,1.613530486874537,0.0,0.0,0.0,0.7062710074670073,0.7062710074670073,1.6150614038882318,0.7025118448303368,0.7025118448303368,1.6142263872614648,0.7043147680601993,0.7043147680601993,1.6127892429218704,0.0,0.0,0.0,0.7081471435888709,0.7081471435888709,1.6154217321228928,0.7043939338592379,0.7043939338592379,1.613032617671236,0.7069832313891077,0.7069832313891077,1.6144725752314764,0.7088534484617776,0.7088534484617776,1.6151645479189125,0.0,0.0,0.0
CN,0.8061471613173368,0.8061471613173368,1.3563006208253994,0.7967312361141616,0.7967312361141616,1.3510230605410802,0.7926363474652653,0.7926363474652653,1.347520093569667,0.7969931954105814,0.7969931954105814,1.351736604548413,0.7923079864693255,0.7923079864693255,1.347853656516019,0.7936206152961734,0.7936206152961734,1.3487197181865755,0.0,0.0,0.0,0.7949706448765167,0.7949706448765167,1.3494594531095891,0.0,0.0,0.0,0.7939232214428256,0.7939232214428256,1.3455322295346508,0.7857301462285303,0.7857301462285303,1.3418537843636504,0.7896979096756898,0.7896979096756898,1.343399311670639,0.7909100274902421,0.7909100274902421,1.3454049630531832,0.8007409087262198,0.8007409087262198,1.3468278001218092,0.7886326056633626,0.7886326056633626,1.342062811710149,0.7918783858746145,0.7918783858746145,1.3445518797335718,0.7926110937566758,0.7926110937566758,1.3474929213894529,0.7959951360162565,0.7959951360162565,1.347806783912311,0.0,0.0,0.0,0.0,0.0,0.0,0.7967563592321827,0.7967563592321827,1.3429997326918495,0.794099688442588,0.794099688442588,1.344775892421617,0.0,0.0,0.0,0.7979935899202739,0.7979935899202739,1.3450799160278268,0.7950461787507401,0.7950461787507401,1.344983917897391,0.7928022803953076,0.7928022803953076,1.3418949097311839,0.0,0.0,0.0,0.7973088675470948,0.7973088675470948,1.3468666569827636,0.7930186624731913,0.7930186624731913,1.343500081040902,0.7967491812792975,0.7967491812792975,1.3456409140879881,0.7997975823246203,0.7997975823246203,1.3467177143788638,0.0,0.0,0.0
CO,0.7522298342926849,0.7522298342926849,1.336442449885644,0.7429847656244373,0.7429847656244373,1.3306441260287014,0.7377917629995607,0.7377917629995607,1.3285676862320455,0.7426702051045269,0.7426702051045269,1.3316875561397807,0.738187541245448,0.738187541245448,1.3287095656874242,0.7395028785271901,0.7395028785271901,1.32935822163082,0.0,0.0,0.0,0.740898313738127,0.740898313738127,1.330018566406617,0.0,0.0,0.0,0.7364373148815859,0.7364373148815859,1.3292978354072524,0.7306129233732457,0.7306129233732457,1.326313763050222,0.73446603628078,0.73446603628078,1.3271844638217392,0.7357266750635049,0.7357266750635049,1.328605302210993,0.7408338014696684,0.7408338014696684,1.3326874501291293,0.7320216780943035,0.7320216780943035,1.3294760946710802,0.7366031523486715,0.7366031523486715,1.328017368402458,0.7375037908716131,0.7375037908716131,1.329183993128369,0.7398403199677617,0.7398403199677617,1.3297285616521441,0.0,0.0,0.0,0.0,0.0,0.0,0.7389173754216367,0.7389173754216367,1.3264877862658813,0.737770168988961,0.737770168988961,1.3279638440571813,0.0,0.0,0.0,0.739326917134768,0.739326917134768,1.3276431950101617,0.7376477909883551,0.7376477909883551,1.3279496214168314,0.7357952438348593,0.7357952438348593,1.3268696308388324,0.0,0.0,0.0,0.7410022383569431,0.7410022383569431,1.33016636908936,0.7363327459783383,0.7363327459783383,1.3272105896463928,0.7400125711432206,0.7400125711432206,1.3293200534287366,0.7423733951994778,0.7423733951994778,1.3293274009396678,0.0,0.0,0.0
CO2,0.7176395459421115,0.7176395459421115,2.04049527121528,0.7105835806638731,0.7105835806638731,2.0378137994110506,0.7063716673703981,0.7063716673703981,2.0368873914810917,0.7110019737729923,0.7110019737729923,2.0393745532152545,0.7072872530533957,0.7072872530533957,2.0365464137507425,0.7082780007236502,0.7082780007236502,2.0370814992894553,0.0,0.0,0.0,0.7094150545503861,0.7094150545503861,2.037234947500056,0.0,0.0,0.0,0.706213770301625,0.706213770301625,2.0372979823346036,0.700942234829791,0.700942234829791,2.034377255148503,0.704340234952347,0.704340234952347,2.0366559310696077,0.706232911220448,0.706232911220448,2.0366592496843077,0.7097079616677169,0.7097079616677169,2.0389262592771966,0.7027671255666935,0.7027671255666935,2.03705080826025,0.7059912190382335,0.7059912190382335,2.0373435984326864,0.7074234138503166,0.7074234138503166,2.0368840732380944,0.7090457716408851,0.7090457716408851,2.039887360180617,0.0,0.0,0.0,0.0,0.0,0.0,0.7087478226902583,0.7087478226902583,2.03961896033796,0.7073135317395095,0.7073135317395095,2.03814212940857,0.0,0.0,0.0,0.7102957924407908,0.7102957924407908,2.0407362321369376,0.7064003721364716,0.7064003721364716,2.0400132639869843,0.7056416958955612,0.7056416958955612,2.038428131375678,0.0,0.0,0.0,0.710065001947645,0.710065001947645,2.0410020013925227,0.7058021149920655,0.7058021149920655,2.038126377409612,0.7093531237395736,0.7093531237395736,2.0398335173649724,0.7110399973022871,0.7110399973022871,2.0401490988532966,0.0,0.0,0.0
F2,0.6441829612384978,0.6441829612384978,1.4687305371800086,0.6380787779820851,0.6380787779820851,1.4660071667952639,0.6325983130532185,0.6325983130532185,1.464255063630411,0.638111143288447,0.638111143288447,1.467029551052651,0.6347786085408921,0.6347786085408921,1.4650855651901054,0.6357116599790611,0.6357116599790611,1.465533755790614,0.0,0.0,0.0,0.6369028039094959,0.6369028039094959,1.4658958725982663,0.0,0.0,0.0,0.6312485714879326,0.6312485714879326,1.4630006633877013,0.6280078792189722,0.6280078792189722,1.4617819200895297,0.630131956921194,0.630131956921194,1.462819963740343,0.6321966332250679,0.6321966332250679,1.4633619957426682,0.6322913612146435,0.6322913612146435,1.4635877831645117,0.6289345570044983,0.6289345570044983,1.4621718024798929,0.6313270858059412,0.6313270858059412,1.4633507054570833,0.6343262192279301,0.6343262192279301,1.4647528570966688,0.6339940447406952,0.6339940447406952,1.4658367000911001,0.0,0.0,0.0,0.0,0.0,0.0,0.630859126984781,0.630859126984781,1.4650531435717684,0.6320528808880542,0.6320528808880542,1.4645977554664278,0.0,0.0,0.0,0.631951581197308,0.631951581197308,1.465869104378987,0.6305447779764205,0.6305447779764205,1.4654379278129983,0.6289017194416522,0.6289017194416522,1.463146053931037,0.0,0.0,0.0,0.634869698315244,0.634869698315244,1.466208601893775,0.6301647303769953,0.6301647303769953,1.4636893761411298,0.6340559335693062,0.6340559335693062,1.4654477927470835,0.6349087327893846,0.6349087327893846,1.4656788950595059,0.0,0.0,0.0
FCN,0.7280419149646912,0.7280419149646912,2.105181490379094,0.7202202052276663,0.7202202052276663,2.102196423514342,0.7161428439373861,0.7161428439373861,2.1008699518944915,0.7206095553134797,0.7206095553134797,2.1033382957447317,0.7167631169932073,0.7167631169932073,2.1006746366286793,0.717809053749989,0.717809053749989,2.1011846826950236,0.0,0.0,0.0,0.7190156401858157,0.7190156401858157,2.101412121533982,0.0,0.0,0.0,0.7162749622970472,0.7162749622970472,2.10066258108479,0.7104789438886214,0.7104789438886214,2.0983905674604237,0.7139072921764614,0.7139072921764614,2.099848056311973,0.715484247841342,0.715484247841342,2.1000967276292966,0.7207713317216621,0.7207713317216621,2.102383588353373,0.7126043287285921,0.7126043287285921,2.1007297004276224,0.7157321777065395,0.7157321777065395,2.100838201746989,0.7169281182555575,0.7169281182555575,2.1007415798124,0.7186230751931084,0.7186230751931084,2.1031723758520973,0.0,0.0,0.0,0.0,0.0,0.0,0.7179596937597795,0.7179596937597795,2.102178686804153,0.7169163337105029,0.7169163337105029,2.1014732453343203,0.0,0.0,0.0,0.7191472307690041,0.7191472307690041,2.1029577720962958,0.716041379365492,0.716041379365492,2.103018226001505,0.7154724395143014,0.7154724395143014,2.101319192680595,0.0,0.0,0.0,0.7195489030762134,0.7195489030762134,2.10405144244858,0.7155125870311437,0.7155125870311437,2.101366928603685,0.7189075299021426,0.7189075299021426,2.1029249180801184,0.7208205608130981,0.7208205608130981,2.1031445458004963,0.0,0.0,0.0
H,1.080087848603066,1.080087848603066,1.080087848603066,1.0625649025824258,1.0625649025824258,1.0625649025824258,1.0270565552100819,1.0270565552100819,1.0270565552100819,1.037679015447455,1.037679015447455,1.037679015447455,1.0294787338745761,1.0294787338745761,1.0294787338745761,1.0340185074262451,1.0340185074262451,1.0340185074262451,0.0,0.0,0.0,1.0389321000912428,1.0389321000912428,1.0389321000912428,0.0,0.0,0.0,1.0482647594954244,1.0482647594954244,1.0482647594954244,0.990350876406943,0.990350876406943,0.990350876406943,1.0196825900739896,1.0196825900739896,1.0196825900739896,1.0173832509924665,1.0173832509924665,1.0173832509924665,1.0439293973253172,1.0439293973253172,1.0439293973253172,1.015261795203582,1.015261795203582,1.015261795203582,1.0173832509924665,1.0173832509924665,1.0173832509924665,1.02099417319591,1.02099417319591,1.02099417319591,1.0280695030979181,1.0280695030979181,1.0280695030979181,0.0,0.0,0.0,0.0,0.0,0.0,1.0325794718567671,1.0325794718567671,1.0325794718567671,1.025825202361494,1.025825202361494,1.025825202361494,0.0,0.0,0.0,1.0387173929418916,1.0387173929418916,1.0387173929418916,1.0450682815012615,1.0450682815012615,1.0450682815012615,1.0125119432875842,1.0125119432875842,1.0125119432875842,0.0,0.0,0.0,1.0345576297142658,1.0345576297142658,1.0345576297142658,1.0276355048362236,1.0276355048362236,1.0276355048362236,1.0326874690824908,1.0326874690824908,1.0326874690824908,1.061724930196141,1.061724930196141,1.061724930196141,0.0,0.0,0.0
H2,0.9170518025444365,0.9170518025444365,1.0561433463860415,0.8983564345514535,0.8983564345514535,1.038896426943276,0.8787138546478029,0.8787138546478029,1.0242114518816445,0.8880349395716365,0.8880349395716365,1.0338388463467147,0.8801510439407546,0.8801510439407546,1.0248464191846045,0.8834603299526245,0.8834603299526245,1.0278526363324199,0.0,0.0,0.0,0.8863589261128926,0.8863589261128926,1.0301105636122299,0.0,0.0,0.0,0.881838856112612,0.881838856112612,1.0269118763630627,0.8688864826028772,0.8688864826028772,1.012567124622119,5.7638438454093235,5.764525230503497,6.7402161314129865,0.8752592192030885,0.8752592192030885,1.0166706075546328,0.8873020732253476,0.8873020732253476,1.0279611301578995,0.8766384665584781,0.8766384665584781,1.0168899696946105,0.878417670843432,0.878417670843432,1.0198467405279608,0.874430626550786,0.874430626550786,1.01630489877079,0.8846587274480482,0.8846587274480482,1.0264230647571722,0.0,0.0,0.0,0.0,0.0,0.0,0.8817123822709989,0.8817123822709989,1.019299837469577,0.8820706777237298,0.8820706777237298,1.0212673178289347,0.0,0.0,0.0,0.883523444029642,0.883523444029642,1.023666880711448,0.8824920155446168,0.8824920155446168,1.0251546899690338,0.878163719502235,0.878163719502235,1.0162134510109113,0.0,0.0,0.0,0.8905430455065044,0.8905430455065044,1.0287744691454517,0.879221366181464,0.879221366181464,1.0180591028351478,0.8850788332402939,0.8850788332402939,1.0221769059049934,0.8913149546316387,0.8913149546316387,1.0309762936486493,0.0,0.0,0.0
H2CN,0.8108462126938745,0.9942473131491019,1.5537286784675919,0.8004458814061074,0.9848557227859358,1.54694307872027,0.7943699550545283,0.9826690903508031,1.545701083645333,0.7992591972904243,0.9874190793701568,1.5491120382254289,0.7942701159345394,0.9822049392451361,1.5454484712919367,0.795813100650314,0.9834606684141168,1.5462414817396195,0.0,0.0,0.0,0.7973406669757497,0.9845587469170517,1.5468747956533013,0.0,0.0,0.0,0.794700582550854,0.9837554565935284,1.546343430634678,0.7862860383600869,0.9772267518020274,1.542849234877545,0.7911845160306582,0.9806090078369027,1.5441318654706708,0.79266472686334,0.9809956028397246,1.5445749231780486,0.800990608813029,0.9896427969883249,1.5502277787598238,0.7889040202796114,0.9808768611116322,1.5453175080499832,0.7938862424344352,0.9800680243725645,1.5442223147224179,0.7942264323730355,0.9822579241001528,1.5456975165538696,0.7978719840885086,0.9839519329812516,1.5463666153459605,0.0,0.0,0.0,0.0,0.0,0.0,0.7982539408818057,0.9830145387823832,1.543973100457579,0.7959407692870955,0.9808718079532828,1.5439898684456004,0.0,0.0,0.0,0.7987319057021991,0.9836924750877217,1.544552192786425,0.7963890042770138,0.9837126296082991,1.5451104319427003,0.7946506853286753,0.9787218539014074,1.5428039490023775,0.0,0.0,0.0,0.7995072141763325,0.9840652668992751,1.5462019312507682,0.794722411600428,0.979670944656525,1.5429500699360466,0.7983005084761836,0.9830926891045803,1.5449140917705904,0.8207012305908488,1.00522640099509,1.5595422496478561,0.0,0.0,0.0
H2O,0.7787134972119079,0.8724968660843843,0.8340769042872748,0.767132181947805,0.8644884768792884,0.8245707526873555,0.759848253705962,0.8616112234047744,0.8193889225553002,0.7669577125630852,0.8674676115204948,0.8258666772867223,0.7613487000382939,0.8626848544092286,0.8206465593577189,0.7629923725306826,0.8639421918549134,0.8220853467971825,0.0,0.0,0.0,0.7647102943925889,0.8649613583028274,0.8233768891941918,0.0,0.0,0.0,0.7574423387889009,0.859308540564489,0.8170316237411305,0.7513320050350577,0.8551107007441037,0.8118368980669919,0.7537870140032926,0.85790576545858,0.8149822948911043,0.7566370294335324,0.8602856652921005,0.8177821504624637,0.7604986476450829,0.8604714527612592,0.8193008452130134,0.752311016967052,0.8549846210295668,0.8124653385733809,0.7572165457582131,0.8581267247190661,0.8166848206352636,0.7608993653631209,0.8624736832489859,0.8203158359280968,0.7608456228039956,0.8621201790684823,0.8201965410024734,0.0,0.0,0.0,0.0,0.0,0.0,0.7562684619630783,0.8585035239689305,0.8159982158418326,0.7577073143173425,0.8589234385887208,0.816901500627688,0.0,0.0,0.0,0.7580457593707651,0.8591441361186561,0.8168996401886623,0.7551075293228111,0.8590532675318056,0.816217221348925,0.7538856397889537,0.8551759070957693,0.8134299560199905,0.0,0.0,0.0,0.7617099290609255,0.8617880980073187,0.8203269444172665,0.7558603711334521,0.856852177039349,0.8148987229124138,0.7597210439628482,0.8603764037193674,0.8184249803614619,0.7622709587672877,0.8622581491624605,0.8206129257941402,0.0,0.0,0.0
HBO,0.780349176234588,0.780349176234588,1.6034719398444037,0.7700286681026883,0.7700286681026883,1.5981990389294887,0.7645957011388437,0.7645957011388437,1.599357437857018,0.7692524136783712,0.7692524136783712,1.6023675208421442,0.7647589045248182,0.7647589045248182,1.5981967136988633,0.7661672567723056,0.7661672567723056,1.5989475775082829,0.0,0.0,0.0,0.7676940913541018,0.7676940913541018,1.599319175331429,0.0,0.0,0.0,0.7634140417885958,0.7634140417885958,1.6015497162112162,0.7562888256149234,0.7562888256149234,1.597917307116611,0.7605600954231033,0.7605600954231033,1.5981777623952875,0.7623838117378936,0.7623838117378936,1.5974786577574538,0.7691764712015052,0.7691764712015052,1.6032909029431675,0.7592532601510514,0.7592532601510514,1.6019203222123481,0.7631809695937131,0.7631809695937131,1.5969077836256371,0.7643734107097133,0.7643734107097133,1.598585909089834,0.7659384890772888,0.7659384890772888,1.5995243418754452,0.0,0.0,0.0,0.0,0.0,0.0,0.764105881831831,0.764105881831831,1.5965456400785158,0.7639147324145542,0.7639147324145542,1.5964219255627854,0.0,0.0,0.0,0.7660286178400909,0.7660286178400909,1.5984644246118485,0.7643004575754223,0.7643004575754223,1.5995265127382026,0.7618368067046906,0.7618368067046906,1.5952722963122326,0.0,0.0,0.0,0.7670608758436321,0.7670608758436321,1.5990000549598815,0.7626658711060826,0.7626658711060826,1.596220907132782,0.7661187359998449,0.7661187359998449,1.5978040433916552,0.7686032087820087,0.7686032087820087,1.5993462785181174,0.0,0.0,0.0
HCCF,0.7721317552193938,0.7721317552193938,2.243678369668747,0.7623556317249368,0.7623556317249368,2.240256599426126,0.7583555337612852,0.7583555337612852,2.240242024800237,0.762705749871052,0.762705749871052,2.242706041312304,0.7583689024688567,0.7583689024688567,2.2398201061445944,0.7596000415050972,0.7596000415050972,2.2403602066240067,0.0,0.0,0.0,0.7609602097947756,0.7609602097947756,2.2406123440639445,0.0,0.0,0.0,0.7594954834176555,0.7594954834176555,2.2392876205593475,0.7520347033336838,0.7520347033336838,2.237846732875405,0.7560436593243446,0.7560436593243446,2.2383413148674682,0.7575708233468101,0.7575708233468101,2.238205735718336,0.7657547322086884,0.7657547322086884,2.240971923656671,0.7549298333168575,0.7549298333168575,2.2389841912314408,0.758232976291828,0.758232976291828,2.23835149865165,0.7589101372183187,0.7589101372183187,2.239612635906349,0.7607914322479047,0.7607914322479047,2.2409359112988736,0.0,0.0,0.0,0.0,0.0,0.0,0.759802442860822,0.759802442860822,2.239221434557294,0.7590503943415089,0.7590503943415089,2.238795519613755,0.0,0.0,0.0,0.7610512452970443,0.7610512452970443,2.239774924846542,0.7580702785032534,0.7580702785032534,2.2409741482954812,0.7581148567124786,0.7581148567124786,2.237657240159337,0.0,0.0,0.0,0.7616393830475753,0.7616393830475753,2.2407041826626073,0.7578339702161921,0.7578339702161921,2.238198513544085,0.7609513276992641,0.7609513276992641,2.239572316741605,0.7634342780786402,0.7634342780786402,2.2404263665753676,0.0,0.0,0.0
HCN,0.8041849715395084,0.8041849715395084,1.5204674246208236,0.7940839983591157,0.7940839983591157,1.5145636159222433,0.7895199414201012,0.7895199414201012,1.5139541653503241,0.7941374976979743,0.7941374976979743,1.517514623841223,0.7891162600656509,0.7891162600656509,1.513588406527328,0.7905584721258764,0.7905584721258764,1.5143916224112035,0.0,0.0,0.0,0.7919410612223615,0.7919410612223615,1.5149648878065967,0.0,0.0,0.0,0.7900612232289344,0.7900612232289344,1.5129169498799948,0.78157997412293,0.78157997412293,1.5112020487301,0.7864602714060006,0.7864602714060006,1.5116979298693796,0.7880455043967957,0.7880455043967957,1.5123098257847696,0.7969544964739204,0.7969544964739204,1.515755724699022,0.7852743185982846,0.7852743185982846,1.5120936236279074,0.7889177076539733,0.7889177076539733,1.5111626022770523,0.78944594862473,0.78944594862473,1.5135886790509212,0.7930835655843589,0.7930835655843589,1.513899095573926,0.0,0.0,0.0,0.0,0.0,0.0,0.7931036535661654,0.7931036535661654,1.5103681494604657,0.7910688348367669,0.7910688348367669,1.5110079744313418,0.0,0.0,0.0,0.7940238072942146,0.7940238072942146,1.510711922762421,0.7914044202871248,0.7914044202871248,1.5128066519128318,0.7900948309854963,0.7900948309854963,1.5090001277680438,0.0,0.0,0.0,0.794638878831133,0.794638878831133,1.5132505006700794,0.7899335007138258,0.7899335007138258,1.5098141143353843,0.7935119989010878,0.7935119989010878,1.5118903076762182,0.7963378791066014,0.7963378791066014,1.5129216476780043,0.0,0.0,0.0
He,0.6651919546642158,0.6651919546642158,0.6651919546642158,0.6549704031481117,0.6549704031481117,0.6549704031481117,0.6410592107988153,0.6410592107988153,0.6410592107988153,0.6471480465086795,0.6471480465086795,0.6471480465086795,0.6427965018184215,0.6427965018184215,0.6427965018184215,0.6445867834900123,0.6445867834900123,0.6445867834900123,0.0,0.0,0.0,0.6466883426349976,0.6466883426349976,0.6466883426349976,0.0,0.0,0.0,0.6318012355954996,0.6318012355954996,0.6318012355954996,0.627757902260099,0.627757902260099,0.627757902260099,0.6382988297028281,0.6382988297028281,0.6382988297028281,0.637482963066465,0.637482963066465,0.637482963066465,0.6308001984780919,0.6308001984780919,0.6308001984780919,0.6311242371752174,0.6311242371752174,0.6311242371752174,0.6375704272862724,0.6375704272862724,0.6375704272862724,0.6369871056387248,0.6369871056387248,0.6369871056387248,0.6421600408387305,0.6421600408387305,0.6421600408387305,0.0,0.0,0.0,0.0,0.0,0.0,0.6376578795090672,0.6376578795090672,0.6376578795090672,0.6401307277033341,0.6401307277033341,0.6401307277033341,0.0,0.0,0.0,0.6375995793599616,0.6375995793599616,0.6375995793599616,0.636578462445911,0.636578462445911,0.636578462445911,0.6345605906452118,0.6345605906452118,0.6345605906452118,0.0,0.0,0.0,0.6455376507222488,0.6455376507222488,0.6455376507222488,0.6355557049543337,0.6355557049543337,0.6355557049543337,0.642391554155252,0.642391554155252,0.642391554155252,0.6430855940308413,0.6430855940308413,0.6430855940308413,0.0,0.0,0.0
HF,0.6745647953162098,0.6745647953162098,0.7490591714412909,0.666598753816717,0.666598753816717,0.7422271665799542,0.6603740372849315,0.6603740372849315,0.7390175982487285,0.667089318120145,0.667089318120145,0.7449718066219053,0.6626443361261002,0.6626443361261002,0.7410662256517363,0.6639221669442887,0.6639221669442887,0.7420648126337351,0.0,0.0,0.0,0.6652422487184649,0.6652422487184649,0.7430144179746259,0.0,0.0,0.0,0.6583613416885897,0.6583613416885897,0.7361019025206967,0.6538229159795487,0.6538229159795487,0.7319461157014754,0.6564727283368289,0.6564727283368289,0.735462387246665,0.6592077606718538,0.6592077606718538,0.7387093550823693,0.6593487248641647,0.6593487248641647,0.735808662808761,0.6549022917657259,0.6549022917657259,0.7326509120509705,0.6583274622936521,0.6583274622936521,0.7359177039932004,0.6622066174087964,0.6622066174087964,0.7404933642503397,0.6617854609992577,0.6617854609992577,0.7392449311204915,0.0,0.0,0.0,0.0,0.0,0.0,0.657457293692906,0.657457293692906,0.7350866745652521,0.659066766329482,0.659066766329482,0.7364367717678584,0.0,0.0,0.0,0.6590385638412976,0.6590385638412976,0.7364371857238708,0.6575760208523422,0.6575760208523422,0.7359826195648355,0.6552654706605561,0.6552654706605561,0.73230580542611,0.0,0.0,0.0,0.662778960649778,0.662778960649778,0.7390481152050783,0.6570217772189899,0.6570217772189899,0.7344486957288936,0.6613359318757752,0.6613359318757752,0.7381515739791117,0.6627340888471032,0.6627340888471032,0.7392717549907195,0.0,0.0,0.0
HNC,0.8165477166706181,0.8165477166706181,1.5045848901491274,0.8054551695780467,0.8054551695780467,1.4976457017978857,0.8002030222387317,0.8002030222387317,1.496512723446081,0.8050330923632891,0.8050330923632891,1.4999732201613687,0.7997117702022398,0.7997117702022398,1.4962759146059663,0.8012840420849525,0.8012840420849525,1.4970737896263981,0.0,0.0,0.0,0.8028102388796496,0.8028102388796496,1.4977933729570634,0.0,0.0,0.0,0.7998644889604739,0.7998644889604739,1.4957150621982593,0.7916425995990868,0.7916425995990868,1.4928216217964996,0.7964679084244387,0.7964679084244387,1.4938960997528372,0.7978801929801241,0.7978801929801241,1.4952130464469604,0.8063414711832698,0.8063414711832698,1.4987010968404424,0.7944951819237169,0.7944951819237169,1.49457861416697,0.7992933041756324,0.7992933041756324,1.493983469392452,0.7995922308276888,0.7995922308276888,1.496284765655427,0.8029755956129676,0.8029755956129676,1.4965462143882788,0.0,0.0,0.0,0.0,0.0,0.0,0.8024529520476574,0.8024529520476574,1.4928465232451607,0.8007238182731922,0.8007238182731922,1.4940855520550032,0.0,0.0,0.0,0.802833390872602,0.802833390872602,1.4935194994999679,0.8010387852033134,0.8010387852033134,1.4950403373691497,0.7995158490924367,0.7995158490924367,1.4919554662341388,0.0,0.0,0.0,0.8043269373208881,0.8043269373208881,1.496234155804697,0.799675246178097,0.799675246178097,1.4929285574144204,0.803045035287561,0.803045035287561,1.4952152225112876,0.8062426754085894,0.8062426754085894,1.4955918521122535,0.0,0.0,0.0
LiBH4,1.2246410493686106,1.2246331988768464,1.8339165703168432,1.2109554688889204,1.2109475296744574,1.82440219759039,1.2085971047694037,1.208589150062862,1.8206402960487549,1.2114311936639182,1.211423257567177,1.8249093261234282,1.2053503536103731,1.205342377476764,1.819231999894969,1.2069735376063493,1.2069630055776377,1.8209345103910237,0.0,0.0,0.0,1.2082100064828625,1.2082020492276961,1.8222315362326833,0.0,0.0,0.0,1.210525621303401,1.2105176792697705,1.8207931091821263,1.198716769424142,1.1987087491510762,1.8126455532542052,1.2045122231697436,1.2045042414860998,1.8186290487152914,1.2028496627794563,1.2028416700635782,1.8172673992735557,1.2162469785397148,1.216236526814585,1.823810391372714,1.2048362322802708,1.204825681568225,1.816751492362105,1.205296381175042,1.2052832643395552,1.817114348234198,1.2044247772063856,1.2044142228899786,1.8184277228062868,1.2081484695041906,1.2081405118437194,1.8214021195418508,0.0,0.0,0.0,0.0,0.0,0.0,1.20573323150562,1.205725257904831,1.8188887376305578,1.2048130916620712,1.2048051119716434,1.8183900340811205,0.0,0.0,0.0,1.2086458037194567,1.2086378493334295,1.8204958588759783,1.2104744388043276,1.2104664964348817,1.8207947530676052,1.2041135209385305,1.2041055366119995,1.8159345526315314,0.0,0.0,0.0,1.208812390554045,1.2088044372642213,1.8215983860928342,1.205507116980368,1.2054991418839767,1.8161661399740685,1.2069504379662759,1.2069424724068962,1.8190293295166264,1.2113058864466557,1.2112953920870573,1.8227463872495924,0.0,0.0,0.0
Mg,0.9052096931788789,0.9052096931788789,0.9052096931788789,0.8828359589319713,0.8828359589319713,0.8828359589319713,0.8906995676292877,0.8906995676292877,0.8906995676292877,0.8848618034849661,0.8848618034849661,0.8848618034849661,0.8835865535984577,0.8835865535984577,0.8835865535984577,0.8853377991102229,0.8853377991102229,0.8853377991102229,0.0,0.0,0.0,0.8865511300492864,0.8865511300492864,0.8865511300492864,0.0,0.0,0.0,0.8947041355992121,0.8947041355992121,0.8947041355992121,0.8727284873601869,0.8727284873601869,0.8727284873601869,0.8880000548892626,0.8880000548892626,0.8880000548892626,0.8879093483008275,0.8879093483008275,0.8879093483008275,0.9229444086545335,0.9229444086545335,0.9229444086545335,0.8942850874394959,0.8942850874394959,0.8942850874394959,0.8898540210899764,0.8898540210899764,0.8898540210899764,0.8898470585256023,0.8898470585256023,0.8898470585256023,0.8844415946045656,0.8844415946045656,0.8844415946045656,0.0,0.0,0.0,0.0,0.0,0.0,0.8782342689074102,0.8782342689074102,0.8782342689074102,0.8874905823725681,0.8874905823725681,0.8874905823725681,0.0,0.0,0.0,0.8910472961306075,0.8910472961306075,0.8910472961306075,0.9050693715493121,0.9050693715493121,0.9050693715493121,0.8897530585739318,0.8897530585739318,0.8897530585739318,0.0,0.0,0.0,0.8837723500474166,0.8837723500474166,0.8837723500474166,0.8875743513644363,0.8875743513644363,0.8875743513644363,0.8879163260596875,0.8879163260596875,0.8879163260596875,0.8857610801875414,0.8857610801875414,0.8857610801875414,0.0,0.0,0.0
Mg2,0.8966893489804594,0.8966893489804594,3.7904777737510646,0.8757881874227162,0.8757881874227162,3.7832716457927207,0.883270960662695,0.883270960662695,3.7884414222618195,0.8766967714880101,0.8766967714880101,3.7869304141916835,0.8757068284938935,0.8757068284938935,3.7852043875904724,0.8774561482466422,0.8774561482466422,3.785335738916914,0.0,0.0,0.0,0.8788319477271143,0.8788319477271143,3.78537870331479,0.0,0.0,0.0,0.8866157710995785,0.8866157710995785,3.7909672832483214,0.8663693163282042,0.8663693163282042,3.7841263979628326,0.880019047286762,0.880019047286762,3.7872850133826073,0.8802988566958383,0.8802988566958383,3.7871525026915,0.9149719607315845,0.9149719607315845,3.7974263210606423,0.8820092158083347,0.8820092158083347,3.7947223093688502,0.8819653118178742,0.8819653118178742,3.7871263271917877,0.8817475157133513,0.8817475157133513,3.7874747737059797,0.8771136271055003,0.8771136271055003,3.786450200421453,0.0,0.0,0.0,0.0,0.0,0.0,0.8733157455043585,0.8733157455043585,3.7821673050080244,0.8806067202479398,0.8806067202479398,3.7855890172359565,0.0,0.0,0.0,0.8867293182909127,0.8867293182909127,3.784418639610866,0.8989579650744708,0.8989579650744708,3.7912095629776683,0.8830517325422297,0.8830517325422297,3.7866195502184605,0.0,0.0,0.0,0.8774102511107142,0.8774102511107142,3.7861225238737535,0.8818564204893751,0.8818564204893751,3.786399475819783,0.8827078732301531,0.8827078732301531,3.7862162070799648,0.8814435651035749,0.8814435651035749,3.7846777089233976,0.0,0.0,0.0
N,0.7844522240391699,0.7844522240391699,0.7844522240391699,0.7750947686573558,0.7750947686573558,0.7750947686573558,0.7652830032739523,0.7652830032739523,0.7652830032739523,0.7750536586585474,0.7750536586585474,0.7750536586585474,0.7709798061557773,0.7709798061557773,0.7709798061557773,0.7724043171810991,0.7724043171810991,0.7724043171810991,0.0,0.0,0.0,0.7740595030745376,0.7740595030745376,0.7740595030745376,0.0,0.0,0.0,0.7685375671364413,0.7685375671364413,0.7685375671364413,0.7574500510264688,0.7574500510264688,0.7574500510264688,0.7630313484385816,0.7630313484385816,0.7630313484385816,0.7666557590600883,0.7666557590600883,0.7666557590600883,0.7719779277932757,0.7719779277932757,0.7719779277932757,0.7595015221182905,0.7595015221182905,0.7595015221182905,0.7649845539617124,0.7649845539617124,0.7649845539617124,0.7699528021898485,0.7699528021898485,0.7699528021898485,0.7694836468697694,0.7694836468697694,0.7694836468697694,0.0,0.0,0.0,0.0,0.0,0.0,0.7662885452621617,0.7662885452621617,0.7662885452621617,0.7674588591579355,0.7674588591579355,0.7674588591579355,0.0,0.0,0.0,0.7701665869797261,0.7701665869797261,0.7701665869797261,0.7693870205559749,0.7693870205559749,0.7693870205559749,0.7622026815749208,0.7622026815749208,0.7622026815749208,0.0,0.0,0.0,0.7702906928556258,0.7702906928556258,0.7702906928556258,0.7646234828986094,0.7646234828986094,0.7646234828986094,0.7701527962034547,0.7701527962034547,0.7701527962034547,0.7732289190142853,0.7732289190142853,0.7732289190142853,0.0,0.0,0.0
N2,0.7500841417801073,0.7500841417801073,1.311874047050158,0.7417149834673694,0.7417149834673694,1.3064932553112396,0.737136463248156,0.737136463248156,1.3038831199627365,0.7418939575168408,0.7418939575168408,1.3073546953194302,0.7374605853535496,0.7374605853535496,1.3042862720368409,0.73868016854387,0.73868016854387,1.3049782628165727,0.0,0.0,0.0,0.7399300391253217,0.7399300391253217,1.3056373480502768,0.0,0.0,0.0,0.7366896614246735,0.7366896614246735,1.303632614226017,0.7301293999353813,0.7301293999353813,1.301394255778686,0.7344913425630013,0.7344913425630013,1.3021244893917632,0.7358638062168841,0.7358638062168841,1.3035816925393513,0.741460766089481,0.741460766089481,1.3065460958090074,0.7328373700555944,0.7328373700555944,1.30308866775203,0.7364264980974,0.7364264980974,1.3031742474142742,0.7372301131600635,0.7372301131600635,1.3044959432952483,0.7404681257826026,0.7404681257826026,1.3049619848960199,0.0,0.0,0.0,0.0,0.0,0.0,0.740471711714904,0.740471711714904,1.302120411011885,0.7385435603266743,0.7385435603266743,1.3029867798729808,0.0,0.0,0.0,0.7409950716097915,0.7409950716097915,1.3028991499244138,0.738406926836416,0.738406926836416,1.3030642153876224,0.7371040431987875,0.7371040431987875,1.3016472322306685,0.0,0.0,0.0,0.7419583776061836,0.7419583776061836,1.3052468191969517,0.7371184522856554,0.7371184522856554,1.3019429891219354,0.741009405034781,0.741009405034781,1.3041050726355448,0.7432063078647813,0.7432063078647813,1.3044918723295136,0.0,0.0,0.0
Na,0.9039628376311616,0.9039628376311616,0.9039628376311616,0.8782810849297933,0.8782810849297933,0.8782810849297933,0.9263264004167705,0.9263264004167705,0.9263264004167705,0.8780963716006244,0.8780963716006244,0.8780963716006244,0.8839765854622251,0.8839765854622251,0.8839765854622251,0.8853365267358663,0.8853365267358663,0.8853365267358663,0.0,0.0,0.0,0.8862902944449256,0.8862902944449256,0.8862902944449256,0.0,0.0,0.0,0.9134092027324684,0.9134092027324684,0.9134092027324684,0.8808054549672135,0.8808054549672135,0.8808054549672135,0.8849089053733672,0.8849089053733672,0.8849089053733672,0.8878598680739904,0.8878598680739904,0.8878598680739904,0.9401844717007789,0.9401844717007789,0.9401844717007789,0.9024924217208898,0.9024924217208898,0.9024924217208898,0.8821894387467829,0.8821894387467829,0.8821894387467829,0.8934943115859013,0.8934943115859013,0.8934943115859013,0.8777730297437115,0.8777730297437115,0.8777730297437115,0.0,0.0,0.0,0.0,0.0,0.0,0.8694794127104292,0.8694794127104292,0.8694794127104292,0.887989272073814,0.887989272073814,0.887989272073814,0.0,0.0,0.0,0.9179818223740005,0.9179818223740005,0.9179818223740005,0.9235020219055485,0.9235020219055485,0.9235020219055485,0.8826375218678906,0.8826375218678906,0.8826375218678906,0.0,0.0,0.0,0.8766442490387577,0.8766442490387577,0.8766442490387577,0.900077691853724,0.900077691853724,0.900077691853724,0.8923740559979217,0.8923740559979217,0.8923740559979217,0.8959267853609874,0.8959267853609874,0.8959267853609874,0.0,0.0,0.0
Na2,0.8941276181512956,0.8941276181512956,2.9935077893556703,0.8689020400351657,0.8689020400351657,2.9722429329795212,0.8861835235076104,0.8861835235076104,2.978354279844732,0.8669824833529851,0.8669824833529851,2.980369334465015,0.8781714160764038,0.8781714160764038,2.9684474768641693,0.8780078493591977,0.8780078493591977,2.9701216705811557,0.0,0.0,0.0,0.8750217309119711,0.8750217309119711,2.971744885149185,0.0,0.0,0.0,0.881926993821948,0.881926993821948,2.9803704683648395,0.8994560892182665,0.8994560892182665,2.9508855350719227,0.8747764517708094,0.8747764517708094,2.967894136645985,0.8836247996283162,0.8836247996283162,2.9619899727243233,0.9077327039913538,0.9077327039913538,3.001107650156609,0.9004005304358116,0.9004005304358116,2.954960882863131,0.8866086242864385,0.8866086242864385,2.9671112003239135,0.8875629287856414,0.8875629287856414,2.9639226581947686,0.8715621545378891,0.8715621545378891,2.9730529352741373,0.0,0.0,0.0,0.0,0.0,0.0,0.8649395076010177,0.8649395076010177,2.978972042067437,0.8825954040833722,0.8825954040833722,2.96436444966959,0.0,0.0,0.0,0.9007326330548927,0.9007326330548927,2.9653817448159376,0.9059140839882013,0.9059140839882013,2.9932690125393884,0.8888090269287323,0.8888090269287323,2.9639494525856995,0.0,0.0,0.0,0.8765382308392072,0.8765382308392072,2.963944891855413,0.900582545343442,0.900582545343442,2.954011500881837,0.8894304714407264,0.8894304714407264,2.953322722034897,0.888181440275578,0.888181440275578,2.9666447567888996,0.0,0.0,0.0
NaCl,0.7361975055479338,0.7361975055479338,2.2470456864146064,0.7248095018865303,0.7248095018865303,2.2435247308287756,0.7209416098929233,0.7209416098929233,2.2429188321719398,0.726870902533593,0.726870902533593,2.2455717582772823,0.7209986951444504,0.7209986951444504,2.2427502143516977,0.7225970885458922,0.7225970885458922,2.2437166638002632,0.0,0.0,0.0,0.7239260814993476,0.7239260814993476,2.244063163241388,0.0,0.0,0.0,0.7194668754536236,0.7194668754536236,2.2423295671810175,0.7138239399354719,0.7138239399354719,2.2408016228735326,0.7148442929757501,0.7148442929757501,2.2410479626452373,0.7178448672415232,0.7178448672415232,2.2418582496901243,0.7227495694913972,0.7227495694913972,2.243074151784365,0.7137755810302003,0.7137755810302003,2.24030573592724,0.7183865595903086,0.7183865595903086,2.2413286226091333,0.7208347930871539,0.7208347930871539,2.243028712053665,0.7220622323248876,0.7220622323248876,2.243422754387651,0.0,0.0,0.0,0.0,0.0,0.0,0.7181684527671763,0.7181684527671763,2.241561056818748,0.718658176343246,0.718658176343246,2.241967444997261,0.0,0.0,0.0,0.7202709801005452,0.7202709801005452,2.24292282206891,0.7172065138786736,0.7172065138786736,2.2409303886229317,0.7162506974865713,0.7162506974865713,2.240788954344863,0.0,0.0,0.0,0.7211349448958913,0.7211349448958913,2.2428138456879227,0.7176820948198444,0.7176820948198444,2.2409185610788094,0.7187486924509846,0.7187486924509846,2.241723096814349,0.722464789851381,0.722464789851381,2.242899807305587,0.0,0.0,0.0
Ne,0.578389929822434,0.578389929822434,0.578389929822434,0.5730695075119597,0.5730695075119597,0.5730695075119597,0.5679676359881785,0.5679676359881785,0.5679676359881785,0.5739186486863797,0.5739186486863797,0.5739186486863797,0.5706317741678955,0.5706317741678955,0.5706317741678955,0.5715365733879154,0.5715365733879154,0.5715365733879154,0.0,0.0,0.0,0.5725113712582485,0.5725113712582485,0.5725113712582485,0.0,0.0,0.0,0.5659284601961629,0.5659284601961629,0.5659284601961629,0.5624957838864217,0.5624957838864217,0.5624957838864217,0.5653566989697744,0.5653566989697744,0.5653566989697744,0.5679938156441494,0.5679938156441494,0.5679938156441494,0.5658627699009716,0.5658627699009716,0.5658627699009716,0.5640928303302569,0.5640928303302569,0.5640928303302569,0.5664077685466541,0.5664077685466541,0.5664077685466541,0.5701690565262202,0.5701690565262202,0.5701690565262202,0.5695558661272835,0.5695558661272835,0.5695558661272835,0.0,0.0,0.0,0.0,0.0,0.0,0.5658759085700681,0.5658759085700681,0.5658759085700681,0.5673979296225886,0.5673979296225886,0.5673979296225886,0.0,0.0,0.0,0.5676599345911247,0.5676599345911247,0.5676599345911247,0.5668866716372859,0.5668866716372859,0.5668866716372859,0.5638093881091375,0.5638093881091375,0.5638093881091375,0.0,0.0,0.0,0.5704102379077711,0.5704102379077711,0.5704102379077711,0.5653040941917898,0.5653040941917898,0.5653040941917898,0.5694122581223555,0.5694122581223555,0.5694122581223555,0.5699342955990628,0.5699342955990628,0.5699342955990628,0.0,0.0,0.0
NH2,0.7947899739064542,1.0006353686615366,0.959680228080213,0.7840956025043545,0.9911792927365575,0.9469490852193616,0.7729007107283862,0.9885839054901645,0.9415123739262533,0.7812987011522688,0.9939632300625657,0.9477151145114087,0.7757278917822208,0.9887510163920991,0.94189318717864,0.7775361425540152,0.9900702009312089,0.9434418374429828,0.0,0.0,0.0,0.7793454976595569,0.9911334526382566,0.9449613016489784,0.0,0.0,0.0,0.7731892361152245,0.9880907636642653,0.9405788246183547,0.7638591163297065,0.9821915971295846,0.9330572551428473,0.7683717106322955,0.9853824555441336,0.936967676604358,0.7702133205518816,0.9860319550122592,0.938887724929659,0.7794938798206037,0.9919957248086461,0.9451719712744944,0.7660675162948904,0.9838806825043866,0.9350768629550854,0.7708458601504655,0.9853111940649727,0.938673451238757,0.7739367639686218,0.9887635485711816,0.9417004789133302,0.7765634014110574,0.9891978992905582,0.9421661008971073,0.0,0.0,0.0,0.0,0.0,0.0,0.7764250988773269,0.986488443703652,0.938382396821376,0.7736325005165926,0.9859062788311225,0.9388037378738786,0.0,0.0,0.0,0.7773661335561256,0.9872334485063511,0.9389536340956296,0.7769303156940425,0.9870074952348347,0.9376973813427285,0.7690326202010767,0.9829776769901,0.9357515779399593,0.0,0.0,0.0,0.7780034757420219,0.9887927897046804,0.9421262134953883,0.7719435312896923,0.9838051138336789,0.9367517896022726,0.776839932611603,0.9872167130005042,0.9399861729108226,0.7810184601389252,0.98971552986186,0.9428493682478466,0.0,0.0,0.0
NH3,0.9852667298773861,0.9852634805224528,0.9215482832910129,0.9757429921671373,0.9757397110967749,0.9067570820076004,0.9722048935143652,0.9722016005033204,0.8996879469285853,0.9778475415796054,0.9778442675708734,0.9066282842372405,0.9723004804191336,0.972297187731826,0.9000242112255725,0.9738018735005999,0.9737985858899251,0.9019084108515887,0.0,0.0,0.0,0.9749349801516397,0.9749316963619645,0.9037570340678698,0.0,0.0,0.0,0.9706244355894189,0.9706211371477551,0.897332464737455,0.9651552634075401,0.9651519463437961,0.8894707391934412,0.9684888373508898,0.9684855317046392,0.8924170620355789,0.9698313242895787,0.9698280232191776,0.8958207179773694,0.9741644583864052,0.9741611719993862,0.9023269778707556,0.9662023286679029,0.9661990151299064,0.8903225093963651,0.9690797607283304,0.9690726210135137,0.8965190445895925,0.9723425356803425,0.972339243135449,0.8995849076406507,0.9733284015959249,0.9733251123859992,0.9002662419563437,0.0,0.0,0.0,0.0,0.0,0.0,0.9706742228849379,0.9706709246810773,0.8957773383298605,0.9699348103678299,0.9699315096496338,0.8966905098451023,0.0,0.0,0.0,0.9712829533165288,0.9712796571797526,0.896734005800178,0.9710609449170933,0.9710576480267368,0.8941208098822196,0.9670445463127736,0.9670412356606108,0.8932992566440983,0.0,0.0,0.0,0.9733436784780997,0.9733403893197989,0.9002367994827384,0.9681164472227906,0.9681131403050046,0.8949101025336987,0.9713441880833376,0.9713408921543548,0.8974920551698439,0.9740576052899942,0.9740543185424608,0.9010738506958352,0.0,0.0,0.0
NH3O,0.8846046860503112,0.8846094260194982,1.5965912120233527,0.8743546953794952,0.8743594909146615,1.58984696554929,0.8705222402442958,0.8705246845164967,1.587624211616285,0.876338874576086,0.8763413026246563,1.5916138131781585,0.8712976647755236,0.8713024771361878,1.588045549769777,0.8726216418190983,0.8726240802107499,1.5889232504297481,0.0,0.0,0.0,0.8739058027352787,0.8739082375438456,1.589599702109904,0.0,0.0,0.0,0.8692354565389011,0.8692379044295011,1.5859873098372306,0.8645995989178091,0.8646020599336061,1.5830763602608187,0.8666418594936516,0.8666443147100272,1.5842805636615322,0.8685556842021975,0.8685581340086258,1.584947767988511,0.8721694892998167,0.8721742968500501,1.5879351442067313,0.8644276000040931,0.864432450610927,1.583200797772266,0.8676278636181609,0.8676303160443466,1.5851521472307113,0.8709633920703063,0.8709658351044619,1.5876193809518289,0.8704012402009093,0.870403684812903,1.587543662652228,0.0,0.0,0.0,0.0,0.0,0.0,0.8663343970103465,0.8663392369410826,1.5842601948622788,0.867285032804449,0.8672874862000562,1.5851355169536179,0.0,0.0,0.0,0.8672921764952959,0.8672970110811657,1.585467159363526,0.8657740103026327,0.8657764679801027,1.5845794595554181,0.8640906696245306,0.8640931320898044,1.5829302845587065,0.0,0.0,0.0,0.8699170717238592,0.8699195176964434,1.5866609928781272,0.8653827169293061,0.8653875621825887,1.5834370679853664,0.8924399826436837,0.8924423668863201,1.5996493380686911,0.8708898822844959,0.8708923255248616,1.5863087889102436,0.0,0.0,0.0
O2,0.6946809535588983,0.6946809535588983,1.3443570712708688,0.6875472809378276,0.6875472809378276,1.340376235689438,0.6824187906813528,0.6824187906813528,1.3374974863741755,0.6877060853982244,0.6877060853982244,1.3412062620901148,0.6840272726699207,0.6840272726699207,1.3386261245656823,0.685065843199579,0.685065843199579,1.3392334588514572,0.0,0.0,0.0,0.6862721368697333,0.6862721368697333,1.339753811967795,0.0,0.0,0.0,0.6823541001424773,0.6823541001424773,1.336574768489772,0.6771588340125602,0.6771588340125602,1.3344680289237871,0.6803695469329517,0.6803695469329517,1.3355505183471112,0.6823813390115896,0.6823813390115896,1.336595627906394,0.6854862538328176,0.6854862538328176,1.3379507924110992,0.6792177647577395,0.6792177647577395,1.3353173873913788,0.6815432458353248,0.6815432458353248,1.3365069731373411,0.683792867248555,0.683792867248555,1.3383275621441628,0.6851743609613177,0.6851743609613177,1.3389263556581399,0.0,0.0,0.0,0.0,0.0,0.0,0.6843362932798465,0.6843362932798465,1.3370405512692902,0.683425810403002,0.683425810403002,1.3371395960855164,0.0,0.0,0.0,0.6856624783512293,0.6856624783512293,1.3382824248200518,0.6828748551985935,0.6828748551985935,1.3378934863367256,0.6809634730521528,0.6809634730521528,1.3353086876874156,0.0,0.0,0.0,0.6863093762200105,0.6863093762200105,1.3391276289812661,0.6816046046691954,0.6816046046691954,1.3360670889736368,0.6855337033518119,0.6855337033518119,1.3380810243618424,0.6871517998002697,0.6871517998002697,1.3387319940809617,0.0,0.0,0.0
O3,0.6847481038248056,1.8358453488545816,0.9323508728425237,0.6777567164028452,1.8324944725276346,0.926195798622393,0.6727354880077311,1.8309512469816067,0.9219987301202944,0.677745289563122,1.8334746968559454,0.9264498545474183,0.6739615533019422,1.831509495081448,0.9231173161306166,0.6750706798489079,1.8319339880661185,0.9240164961293471,0.0,0.0,0.0,0.6763108337610008,1.8323533108451457,0.92503938836594,0.0,0.0,0.0,0.6716893822048006,1.8292560055099816,0.9226228111318681,0.6671496846223243,1.8285056369713495,0.9186569690056887,0.6692243654690855,1.8278693610294383,0.9218017099906904,0.6709233560176602,1.8281718527063224,0.923106304312479,0.6756990644510321,1.8313564167039322,0.9236122595489232,0.6683744093632451,1.829015514580909,0.9199309095279984,0.6706901443631279,1.8284776827592129,0.9228088687792252,0.6739247808144714,1.8312676084655588,0.9228849940573661,0.6743268709177076,1.8306949033388935,0.9251484437078784,0.0,0.0,0.0,0.0,0.0,0.0,0.6735339491474551,1.828705539487609,0.9241337257757566,0.6720513254488083,1.8288893288751786,0.9238934687837499,0.0,0.0,0.0,0.6747975860304333,1.8295201703710002,0.9244347135863799,0.6718830576199006,1.82915269990033,0.9227435506594961,0.6683999005990601,1.8262255409434875,0.9230796618241768,0.0,0.0,0.0,0.6746782162106367,1.8302455808575255,0.9264913076540924,0.6704776433477605,1.8283548485804575,0.922372280237371,0.6772560401108776,1.8322704683871047,0.9231917732038666,0.6790261813895692,1.8325232106995717,0.9241660651045582,0.0,0.0,0.0
P,0.8338760432662239,0.8338760432662239,0.8338760432662239,0.8223603785608027,0.8223603785608027,0.8223603785608027,0.8128731177086208,0.8128731177086208,0.8128731177086208,0.8230261123885033,0.8230261123885033,0.8230261123885033,0.8183303754841317,0.8183303754841317,0.8183303754841317,0.8197464557288431,0.8197464557288431,0.8197464557288431,0.0,0.0,0.0,0.8211178409542282,0.8211178409542282,0.8211178409542282,0.0,0.0,0.0,0.8214739054325869,0.8214739054325869,0.8214739054325869,0.808041715771325,0.808041715771325,0.808041715771325,0.8124339773626738,0.8124339773626738,0.8124339773626738,0.815217284384967,0.815217284384967,0.815217284384967,0.8249269653126876,0.8249269653126876,0.8249269653126876,0.8123546628330921,0.8123546628330921,0.8123546628330921,0.8159495943214466,0.8159495943214466,0.8159495943214466,0.8178396225911289,0.8178396225911289,0.8178396225911289,0.8200880060619511,0.8200880060619511,0.8200880060619511,0.0,0.0,0.0,0.0,0.0,0.0,0.81852719979648,0.81852719979648,0.81852719979648,0.8180577713340299,0.8180577713340299,0.8180577713340299,0.0,0.0,0.0,0.819211174740677,0.819211174740677,0.819211174740677,0.819682966091159,0.819682966091159,0.819682966091159,0.8155668089085856,0.8155668089085856,0.8155668089085856,0.0,0.0,0.0,0.8196436605175854,0.8196436605175854,0.8196436605175854,0.8157764517398951,0.8157764517398951,0.8157764517398951,0.8190992356403872,0.8190992356403872,0.8190992356403872,0.8255035727724018,0.8255035727724018,0.8255035727724018,0.0,0.0,0.0
HCl,0.7732346423412927,0.7732346423412927,0.8674988819863286,0.7643131959260332,0.7643131959260332,0.8606104049620061,0.7593985751274199,0.7593985751274199,0.8582145075414409,0.7651557716787697,0.7651557716787697,0.8636591963861752,0.7603253723096303,0.7603253723096303,0.8588668332189636,0.7615738103135872,0.7615738103135872,0.8599736619683375,0.0,0.0,0.0,0.7627443958204843,0.7627443958204843,0.8606998527355798,0.0,0.0,0.0,0.7604828969732909,0.7604828969732909,0.8572108027897078,0.7561280860887409,0.7561280860887409,0.8535491321507465,0.7564776119144425,0.7564776119144425,0.8546494754972718,0.7587238297408793,0.7587238297408793,0.8564875154845303,0.7645725489012363,0.7645725489012363,0.8595593224242677,0.757443429413122,0.757443429413122,0.8547308922976524,0.7598362947226052,0.7598362947226052,0.856068531997977,0.7605670778110238,0.7605670778110238,0.858879406689797,0.7628743500006334,0.7628743500006334,0.8604781347145902,0.0,0.0,0.0,0.0,0.0,0.0,0.7609254209951635,0.7609254209951635,0.8587383973397524,0.7604503083407591,0.7604503083407591,0.8573356361351618,0.0,0.0,0.0,0.761622620630162,0.761622620630162,0.8594028106981664,0.7572552735005842,0.7572552735005842,0.8569339527646658,0.7593985751274199,0.7593985751274199,0.8551132985440342,0.0,0.0,0.0,0.763301959566316,0.763301959566316,0.8599791027591522,0.7592163441631407,0.7592163441631407,0.8561010557776232,0.7612781698747034,0.7612781698747034,0.857933720838245,0.7639996936154128,0.7639996936154128,0.8607862131833286,0.0,0.0,0.0
NH,0.7904954933695069,0.7904954933695069,1.000868682266142,0.7806766150510082,0.7806766150510082,0.9891874771612905,0.7699183152127244,0.7699183152127244,0.9857763971733987,0.7791096178651629,0.7791096178651629,0.9911090761998861,0.7741435414540381,0.7741435414540381,0.9861011639281435,0.77576849066748,0.77576849066748,0.9872674131950878,0.0,0.0,0.0,0.7775334864492977,0.7775334864492977,0.9884036284867577,0.0,0.0,0.0,0.771648518327807,0.771648518327807,0.9870366121205454,0.7616110962541841,0.7616110962541841,0.9787955490284164,0.7669492304008786,0.7669492304008786,0.9831718271287075,0.7694353352296734,0.7694353352296734,0.983399950787575,0.7764929233901621,0.7764929233901621,0.9918679277147254,0.7640598365720449,0.7640598365720449,0.9825125453971344,0.7689157933902776,0.7689157933902776,0.9833010681578137,0.7724249429556247,0.7724249429556247,0.9849809298339078,0.7740114770466908,0.7740114770466908,0.9860299904726884,0.0,0.0,0.0,0.0,0.0,0.0,0.7726414803451858,0.7726414803451858,0.9827353209295018,0.7714015840500977,0.7714015840500977,0.9828858467754188,0.0,0.0,0.0,0.7749474477343609,0.7749474477343609,0.9830825425832703,0.7744916033114885,0.7744916033114885,0.9832321648315158,0.766597744053229,0.766597744053229,0.9805099526395723,0.0,0.0,0.0,0.775205240976543,0.775205240976543,0.9855824196034604,0.769121235599434,0.769121235599434,0.9807720054372309,0.7744916033114885,0.7744916033114885,0.984266458710441,0.7779875485507465,0.7779875485507465,0.9864034001361065,0.0,0.0,0.0
PH,0.8333111771721294,0.8333111771721294,1.045445053659665,0.821616627353506,0.821616627353506,1.0360969360751655,0.8118965461575139,0.8118965461575139,1.0346297498691517,0.8209772963250872,0.8209772963250872,1.0397542392104244,0.8160353925994878,0.8160353925994878,1.0340736378834254,0.8175202478761612,0.8175202478761612,1.0353768772546381,0.0,0.0,0.0,0.8190165951043056,0.8190165951043056,1.0362144526324086,0.0,0.0,0.0,0.8180941238023899,0.8180941238023899,1.0397368468867307,0.8074401699390799,0.8074401699390799,1.029693298183157,0.8111407181324952,0.8111407181324952,1.033256384873666,0.8135803134102682,0.8135803134102682,1.0330300501138836,0.8230208428557566,0.8230208428557566,1.0461824454108317,0.8101863385087718,0.8101863385087718,1.0375387393130497,0.8143395832705482,0.8143395832705482,1.03357703863119,0.815118098506284,0.815118098506284,1.034562469447292,0.8183752328814393,0.8183752328814393,1.0374225271967492,0.0,0.0,0.0,0.0,0.0,0.0,0.8178384862474375,0.8178384862474375,1.0369007747724779,0.8162432072343696,0.8162432072343696,1.0340993384880648,0.0,0.0,0.0,0.8185285244151544,0.8185285244151544,1.036929428064486,0.817616869046866,0.817616869046866,1.0385884501953606,0.8139885803483363,0.8139885803483363,1.0333612673724124,0.0,0.0,0.0,0.8184320108712453,0.8184320108712453,1.0369664089792254,0.8143538484820343,0.8143538484820343,1.0326875562871354,0.8177362088488561,0.8177362088488561,1.0348631292880612,0.8230208428557566,0.8230208428557566,1.0394779269406897,0.0,0.0,0.0
LiH,1.080277127893579,1.080277127893579,1.6767795644635424,1.033461118934815,1.033461118934815,1.6543187025146562,1.0171274480122932,1.0171274480122932,1.6535084847586006,1.0241296748092987,1.0241296748092987,1.6568466445274552,1.0126587905607694,1.0126587905607694,1.647256347200045,1.017529395251066,1.017529395251066,1.6511885440112544,0.0,0.0,0.0,1.021949474692854,1.021949474692854,1.6521619860277266,0.0,0.0,0.0,1.0062049451652482,1.0062049451652482,1.6569262648005345,0.9853930936052882,0.9853930936052882,1.6459378649820569,4.0790949069615925,4.0790949069615925,5.889522053527776,0.9979974764747656,0.9979974764747656,1.6427018011102397,1.019728159425344,1.019728159425344,1.6651913175851258,0.9798128715091469,0.9798128715091469,1.6476209945766445,1.004911051872254,1.004911051872254,1.6484280703077845,0.9994026159286357,0.9994026159286357,1.6432761909354094,1.0084376170715768,1.0084376170715768,1.651219495908698,0.0,0.0,0.0,0.0,0.0,0.0,1.0035784498358862,1.0035784498358862,1.6503547626544657,1.0040506153327133,1.0040506153327133,1.6468777597369384,0.0,0.0,0.0,0.9948636872707738,0.9948636872707738,1.6543191058086821,1.0158108723084234,1.0158108723084234,1.6600058508409157,0.9960866646155846,0.9960866646155846,1.6468836403350835,0.0,0.0,0.0,1.0053918351941198,1.0053918351941198,1.651272017094816,1.0061310532306416,1.0061310532306416,1.6528725885577848,0.9978205306942728,0.9978205306942728,1.6484835716877788,1.0159023563069436,1.0159023563069436,1.6593701850907279,0.0,0.0,0.0
