AlF,-0.036152784,-0.036152784,0.674008248,0.213940008,0.213940008,0.068469341,-0.211815811,-0.211815811,0.08603925,2.683092104,2.683092104,0.100100615,0.932317204,0.932317204,-0.187479381,0.729451921,0.729451921,0.00410069,1.052959444,1.052959444,-0.014084231,0.563195601,0.563195601,-8.58E-02,0.742715312,0.742715312,-0.068982555,0.963830389,0.963830389,-0.047034342,0.644461613,0.644461613,0.199563988,-0.545032204,-0.545032204,-0.08784127,0.246041214,0.246041214,0.08615096,0.441648381,0.441648381,0.062328503,2.338939275,2.338939275,0.534416303,-0.037425731,-0.037425731,0.455410763,0.461916463,0.461916463,0.035538256,0.661528621,0.661528621,0.04982825,0.447032489,0.447032489,0.047366765,-0.097272509,-0.097272509,-0.015859158,0.2901416,0.2901416,0.064154322,0.27967348,0.27967348,0.225356068,1.179117405,1.179117405,0.028961044,0.067537912,0.067537912,0.109762659,0.34944032,0.34944032,0.114314381,0.089112385,0.089112385,0.128599968,0.381453402,0.381453402,0.228181522,0.665320897,0.665320897,0.019878566
Ar,0.223066986,0.223066986,0.223066986,0.079128483,0.079128483,0.079128483,-0.055379464,-0.055379464,-0.055379464,1.684749181,1.684749181,1.684749181,0.729167299,0.729167299,0.729167299,0.081742802,0.081742802,0.081742802,0.8990088,0.8990088,0.8990088,0.312740941,0.312740941,3.13E-01,0.456737977,0.456737977,0.456737977,0.588126479,0.588126479,0.588126479,0.147919375,0.147919375,0.147919375,-0.331345526,-0.331345526,-0.331345526,-0.267051653,-0.267051653,-0.267051653,0.024985177,0.024985177,0.024985177,0.502550864,0.502550864,0.502550864,-0.149789738,-0.149789738,-0.149789738,0.129016245,0.129016245,0.129016245,0.323890946,0.323890946,0.323890946,0.566739402,0.566739402,0.566739402,0.301160777,0.301160777,0.301160777,0.238518937,0.238518937,0.238518937,0.406191117,0.406191117,0.406191117,-0.170903956,-0.170903956,-0.170903956,0.039177602,0.039177602,0.039177602,0.628321878,0.628321878,0.628321878,0.067556413,0.067556413,0.067556413,0.38005098,0.38005098,0.38005098,0.68003914,0.68003914,0.68003914
BeH,-0.456064189,-0.456064189,1.274367185,-0.38514911,-0.38514911,0.476256078,-0.090198874,-0.090198874,0.077043888,4.625897311,4.625897311,1.408608745,2.750903711,2.750903711,-0.174463829,1.8426085,1.8426085,-0.21867315,1.62E+00,1.622046338,-0.233653787,0.973875469,0.973875469,-4.76E-01,1.317060411,1.317060411,-0.405321369,1.672418093,1.672418093,-0.34075987,3.385749551,3.385749551,1.035049515,-0.977843761,-0.977843761,-0.624969006,0.412292379,0.412292379,-0.123961289,0.138967156,0.138967156,-0.384833353,2.901750692,2.901750692,1.514350915,0.455775511,0.455775511,0.923991634,0.768599045,0.768599045,-0.370050044,0.714784833,0.714784833,-0.569230815,0.911963308,0.911963308,-0.203353833,1.327464328,1.327464328,-0.593124364,0.837319855,0.837319855,-0.241755883,1.358669672,1.358669672,0.496078544,3.945031322,3.945031322,0.075266736,0.490998041,0.490998041,-0.329336354,0.894800204,0.894800204,-0.024038236,0.9179324,0.9179324,0.508428285,0.731231115,0.731231115,0.47410301,3.168486497,3.168486497,0.299998595
BeH2,0.02665568,0.02665568,0.710244652,-0.17231618,-0.17231618,0.174816932,-0.065115487,-0.065115487,0.044869912,5.074047546,5.074047546,0.340256539,2.771122821,2.771122821,-0.259429889,1.116793376,1.116793376,0.236998543,1.572693558,1.572693558,0.22553816,0.986266009,0.986266009,-0.165420612,1.287055496,1.287055496,-0.102506539,1.613219071,1.613219071,-1.11E-01,1.177849468,1.177849468,1.389712944,-0.778444033,-0.778444033,-0.085956789,0.347798682,0.347798682,0.37199352,0.244414712,0.244414712,-0.177101548,1.90766932,1.90766932,1.651668253,-0.201509524,-0.201509524,1.247652101,0.661858072,0.661858072,0.08999788,0.267229163,0.267229163,-0.158796212,0.94699936,0.94699936,0.17898859,0.761787142,0.761787142,-0.163851636,0.830619966,0.830619966,-0.088743923,1.079840306,1.079840306,0.560820498,1.542664231,1.542664231,0.80732064,0.390337606,0.390337606,0.102169247,1.214766755,1.214766755,0.230053013,0.860105367,0.860105367,0.19531814,0.916028345,0.916028345,0.203655608,1.739195216,1.739195216,0.448086711
BF,-0.45509913,-0.45509913,0.972887632,0.413280309,0.413280309,0.373945311,-0.24140741,-0.24140741,0.094973584,3.430509633,3.430509633,0.776329937,1.714306192,1.714306192,0.300201351,0.857996784,0.857996784,0.351472394,1.526931657,1.526931657,0.437632559,0.849028797,0.849028797,0.254507708,1.079583193,1.079583193,0.286931508,1.315721091,1.315721091,3.16E-01,0.68557731,0.68557731,0.53014895,-0.412070051,-0.412070051,0.237675337,0.240172746,0.240172746,0.29572761,0.358350035,0.358350035,0.376402465,1.419503911,1.419503911,0.90165037,-0.28118472,-0.28118472,0.794636469,0.53559225,0.53559225,0.34689609,0.626934696,0.626934696,0.366314282,0.818814971,0.818814971,0.436520837,0.387754073,0.387754073,0.240404676,0.499126759,0.499126759,0.355626647,0.371156078,0.371156078,0.503552665,0.766391384,0.766391384,0.330802237,0.127085765,0.127085765,0.379579919,0.849972833,0.849972833,0.517301394,0.339849532,0.339849532,0.443810945,0.653895624,0.653895624,0.538082792,1.153023727,1.153023727,0.409426714
BH2,-0.460258175,0.43816766,0.457121825,-0.167298642,0.130128054,0.069850967,-0.116531126,-0.028700638,0.00564619,3.901983683,3.228887689,1.124270283,2.172952216,1.336553428,0.290545928,0.528818247,0.383454836,0.275294939,1.296626519,0.927255457,0.621361012,0.60593761,0.397233614,0.138449249,0.901140171,0.573399233,0.242717262,1.204410204,0.819727592,0.290028983,0.870539075,1.083857577,0.908457471,-1.567828022,-0.816362199,0.017745756,-0.248673832,0.012310223,0.278914028,-0.267547041,0.106397916,-0.02373111,1.456319055,1.755919906,1.457476908,-1.026948021,-0.014870246,0.799734882,0.014424277,0.035429534,0.141814427,0.070873688,0.202335075,0.142590991,0.700197486,0.495554335,0.400078107,0.963806132,0.406615585,0.263144186,0.475623834,0.339872965,0.088993962,1.204410204,0.507090636,0.502785073,1.692796149,0.89800955,0.763982466,-0.130985574,-0.117522348,0.077079613,0.921287045,0.543130931,0.401369047,0.315120738,0.358234355,0.125246301,0.777185701,0.716303164,0.285634846,1.994450543,1.280515126,0.683171283
BH2F,-0.798666422,0.053214623,0.134723805,0.170657774,0.130853553,0.046495281,-0.214790823,-0.071796174,-2.74E-03,2.998309265,1.305226679,0.462869846,1.63E+00,0.425177662,0.143311324,0.424410227,0.381313448,0.133109605,1.16636233,0.726598474,0.272540045,0.627802574,0.277325541,0.090486007,0.828044368,0.367681828,0.1271515,1.067081818,0.452849104,0.1552801,0.255060729,0.759067417,0.242735133,-0.743440996,0.104057072,0.012906826,-0.086342946,0.293527467,0.07204743,0.159934424,0.133311817,0.008236264,0.686819269,1.210637852,0.387869998,-0.388689167,0.836271767,2.55E-01,0.190733984,0.181552799,0.053667082,0.380379317,0.271142537,0.077640619,0.558677016,0.378544675,0.169181898,0.234388777,0.109396167,0.083172949,0.3221004,0.088465286,0.054531219,0.517911871,0.356391741,0.209409876,0.471171926,0.424964775,0.150552623,-0.137976962,-0.011123144,0.01609652,0.771395288,0.388128564,0.181706309,0.085424684,0.052573587,0.044910705,3.966637486,2.200500273,0.839577937,4.068010667,2.304867879,0.853899346
BH3,0.462692314,0.463058295,-0.100376733,0.07227358,0.072456883,-0.032793046,-0.000641284,-0.00099556,-9.63E-02,1.232410089,1.232544001,3.634341956,3.50E-01,0.349868218,1.945632872,0.336693493,0.336799608,0.342514983,0.572683965,0.572797426,0.941367825,0.113245746,0.113344888,0.370480345,0.216950509,0.217052889,0.639249609,0.290300439,0.290661489,0.923294045,0.708345096,0.708462773,0.241075143,-0.074929133,-0.074835874,-1.231920076,0.266967645,0.266302254,-0.235315503,0.003005877,0.00181596,-0.282446488,1.282433479,1.282568936,0.89200485,0.733617643,0.733736104,-7.21E-01,0.135587281,0.137227764,0.050510576,0.140979319,0.141336092,-0.125663865,0.367695675,0.367802755,0.533921852,0.205917729,0.206019765,0.593923365,0.097834885,0.098190421,0.401233247,0.421990472,0.421843197,0.929550719,0.52998057,0.530092703,0.777890903,0.078054137,0.079436792,-0.004905278,0.419686101,0.419794801,0.905912357,0.115043525,0.115399555,0.19416825,1.804305933,1.804458481,3.857574444,0.592878656,0.592992745,1.305629243
BO,-0.43881839,-0.43881839,-0.287228585,0.064542101,0.064542101,0.037373036,-1.45E-01,-1.45E-01,-0.121447889,2.098133192,2.098133192,0.838066225,0.918979718,0.918979718,0.283071165,0.265902543,0.265902543,0.197246483,0.88893075,0.88893075,0.32331427,0.2779019,0.2779019,0.110515802,0.457241165,0.457241165,0.169969773,0.653954034,0.653954034,0.240394737,0.445742378,0.445742378,0.055655826,-0.893770997,-0.893770997,-0.118800344,-0.318041504,-0.318041504,-0.138947735,-0.077888984,-0.077888984,0.021349574,0.911349082,0.911349082,0.177225485,-0.529255371,-0.529255371,-3.17E-02,-0.002297823,-0.002297823,-0.127771987,0.252461559,0.252461559,0.140199459,0.37672199,0.37672199,0.052025276,0.23133637,0.23133637,-0.221632471,0.078045394,0.078045394,-0.072655699,0.466343439,0.466343439,-0.084333324,0.480234793,0.480234793,-0.211370045,-0.232619872,-0.232619872,-0.305542552,0.456282983,0.456282983,0.032184481,-0.036475281,-0.036475281,-0.132718218,0.413155329,0.413155329,0.056551916,0.959031096,0.959031096,0.026515732
BS,0.908360177,0.908360177,-0.273348037,0.377206518,0.377206518,-2.399554589,0.058163693,0.058163693,-0.132786712,1.549539069,1.549539069,0.692960071,0.365394074,0.365394074,0.276084623,-0.07697212,-0.07697212,0.189634287,0.459263224,0.459263224,0.326645867,-0.162953135,-0.162953135,0.090772669,0.005007907,0.005007907,0.148001693,0.154389656,0.154389656,0.212575446,0.227299066,0.227299066,0.070122243,-0.897596123,-0.897596123,-0.124716955,-0.520252653,-0.520252653,-0.157684349,-0.316750165,-0.316750165,-0.027629139,1.114684094,1.114684094,0.142104831,-0.44185232,-0.44185232,-0.067187469,-0.067015686,-0.067015686,-0.096340437,-0.105536869,-0.105536869,0.114614274,0.359915664,0.359915664,0.07031191,0.387304727,0.387304727,-0.1331239,0.097645621,0.097645621,-0.076876399,0.667808041,0.667808041,-0.023368228,0.359393895,0.359393895,-0.186716294,0.080119073,0.080119073,-0.251244259,0.472554261,0.472554261,-0.039184788,0.092152556,0.092152556,-0.190046347,0.371133041,0.371133041,-0.10773531,0.869173219,0.869173219,-0.005468127
C2H,0.676749556,0.676749556,-0.809781064,1.750269015,1.750269015,-0.698981476,-0.016182544,-0.016182544,-0.066802318,2.102483032,2.102483032,-0.217161695,0.709403241,0.709403241,-0.641841325,0.202465977,0.202465977,-0.713388847,0.748262876,0.748262876,-0.475354658,0.093418733,0.093418733,-0.75274018,0.279001729,0.279001729,-0.68836591,0.45411128,0.45411128,-0.647923893,0.535127699,0.535127699,-0.815579315,-0.82312818,-0.82312818,-0.952360459,-0.20266299,-0.20266299,-0.949061048,0.00813061,0.00813061,-0.898561494,1.628690617,1.628690617,-0.653616375,-0.254057497,-0.254057497,-0.97107733,0.165739306,0.165739306,-0.945870074,0.207153519,0.207153519,-0.771870064,0.646807705,0.646807705,-0.719901701,0.686080261,0.686080261,-0.871134509,0.38862721,0.38862721,-0.918815329,0.825160767,0.825160767,-0.848438394,0.553035977,0.553035977,-0.726361428,0.295004372,0.295004372,-1.055028558,0.797204685,0.797204685,-0.771725863,0.325831536,0.325831536,-0.996932809,0.70823722,0.70823722,-0.858289512,1.137199107,1.137199107,-0.71768527
C2H2,1.537072488,1.537072488,-0.318777451,0.097145873,0.097145873,0.043944358,0.004588438,0.004588438,-0.082171896,2.170716155,2.170716155,0.460989427,0.687837563,0.687837563,0.11056174,0.187688702,0.187688702,0.169036217,0.701715415,0.701715415,0.38010348,0.01612708,0.01612708,0.100843236,0.218516587,0.218516587,0.156940851,0.401820047,0.401820047,0.184611432,0.403651391,0.403651391,0.08076145,-0.898441796,-0.898441796,-0.017596627,-0.192936344,-0.192936344,0.00039398,0.00656682,0.00656682,0.000852882,1.494326593,1.494326593,0.257782531,-0.363677007,-0.363677007,0.015720158,0.150609275,0.150609275,-0.102085628,0.146202886,0.146202886,0.09598363,0.62024699,0.62024699,0.13677866,0.560290874,0.560290874,-0.063138344,0.36701815,0.36701815,-0.079119591,0.677610552,0.677610552,-0.056709828,0.42782201,0.42782201,0.141452984,0.345764742,0.345764742,-0.227113467,0.790415451,0.790415451,0.058749385,0.270608839,0.270608839,-0.159799614,0.631576144,0.631576144,-0.044037678,1.048406221,1.048406221,0.066729319
CH2BH,1.524120638,0.289695707,0.031923735,0.341379066,0.16512958,-0.015364052,0.025681438,-0.057639358,-0.03459035,2.529058067,1.555241102,0.378597817,0.692846441,0.471212703,0.030253421,0.295770555,0.176899304,0.152830733,0.654408833,0.574144382,0.30582972,-0.047428519,-0.007170992,0.034210598,0.168213127,0.160775162,0.086786223,0.37136361,0.28415956,0.10670948,0.4364206,0.133307758,0.285524062,-0.962188805,-0.685098847,0.04650291,-0.330292655,-0.219398077,0.074689119,-0.059198541,-0.194614997,0.030204888,1.66124422,0.844778619,0.450300907,-0.59371741,-0.380385052,0.259139265,0.152450214,-0.132684204,-0.023992912,0.123081308,0.018064141,0.078593369,0.528538263,0.315107733,0.153276865,0.360568088,0.272582992,0.012854288,0.29330125,0.015540914,-0.042950946,0.452766827,0.391257028,0.093559578,0.411142796,0.478245538,0.147008833,0.296696529,-0.138496481,-0.091659389,0.642105698,0.404627547,0.093903873,0.269839817,-0.036451728,-0.068486719,0.489729743,0.250936258,-0.001496485,0.897701987,0.63911282,0.133853647
CH2-t,-0.486344733,0.090836267,-0.304305993,0.150738824,-0.075906729,0.056223233,-0.125612132,-0.043612254,-0.100417956,3.215774397,1.383853801,2.751141627,1.696729411,0.51137321,1.400475779,0.019535038,0.31838985,0.053551694,1.409598559,0.833152283,1.168425618,0.653107633,0.345108001,0.51002183,0.878974922,0.460268723,0.71776848,1.164031286,0.523904305,0.945480998,0.819112484,0.565021029,0.681157416,-1.226794876,-0.204852919,-0.901437299,-0.421453548,0.171473845,-0.205721167,0.022552938,0.132775912,0.068546765,1.473872255,1.103447498,1.196858367,-0.852225109,0.17663244,-0.607269385,-0.029367631,0.133098456,0.001361992,0.417113625,0.311306737,0.295194469,0.745432903,0.466376916,0.611741578,0.530676074,0.280714824,0.395320362,0.397272088,0.139226606,0.299908008,0.804740209,0.34156745,0.636092054,0.86939932,0.587820715,0.813152196,-0.270608543,-0.023134747,-0.213006045,0.797553303,0.436153807,0.691074329,0.122092597,0.041131168,0.078905344,5.031700585,2.183167826,4.29239603,1.389355815,0.592315818,1.171268791
CH3,0.060850576,0.060847059,-0.282464359,0.015901088,0.015685797,0.329116528,-0.055824738,-0.055669352,-0.134490231,1.452337276,1.452381863,3.369782875,0.551402071,0.551415588,1.579050194,0.276502351,0.276506332,-0.124680731,0.754854701,0.754875259,1.09E+00,0.231679876,0.231362056,0.34004872,0.362889167,0.362896147,0.575166439,0.455592259,0.455602456,0.852326156,0.359051332,0.358738342,0.373513965,-0.299069045,-0.299085114,-1.450428471,0.057001156,0.056997505,-0.776739197,0.013043108,0.013037926,-0.383002243,0.958851111,0.958878714,1.481984149,0.112482649,0.112480928,-1.046777299,0.041922832,0.043843744,-0.318911434,0.24416815,0.244171008,0.044411484,0.417882017,0.417890906,0.516027763,0.304986225,0.304991196,0.592135007,0.097733346,0.097731112,0.177501248,0.382715644,0.38240355,0.555457412,0.444728048,0.444737868,0.700447441,-0.085210404,-0.083612725,-0.452111804,0.439615072,0.439624714,0.583377394,-0.010387686,-0.010393684,-0.04367906,0.280983497,0.280987634,0.506715728,2.275381089,2.275453823,4.517597306
CH4,0.135488514,0.135488514,0.135488514,0.082223693,0.082223693,0.082223693,-0.05829596,-0.05829596,-0.05829596,1.50656402,1.50656402,1.50656402,0.572121709,0.572121709,0.572121709,0.224470599,0.224470599,0.224470599,0.666018634,0.666018634,0.666018634,0.156801282,0.156801282,0.156801282,0.289277516,0.289277516,0.289277516,0.397196081,0.397196081,0.397196081,0.258914273,0.258914273,0.258914273,-0.406691601,-0.406691601,-0.406691601,0.019128579,0.019128579,0.019128579,-0.001271871,-0.001271871,-0.001271871,0.767615611,0.767615611,0.767615611,-0.016653424,-0.016653424,-0.016653424,0.034818402,0.034818402,0.034818402,0.164008985,0.164008985,0.164008985,0.374370817,0.374370817,0.374370817,0.252339576,0.252339576,0.252339576,0.085322922,0.085322922,0.085322922,0.327766146,0.327766146,0.327766146,0.314625347,0.314625347,0.314625347,-0.063754527,-0.063754527,-0.063754527,0.435955875,0.435955875,0.435955875,-0.030467448,-0.030467448,-0.030467448,0.247956206,0.247956206,0.247956206,0.53528769,0.53528769,0.53528769
ClF,-0.035518444,-0.035518444,0.098445608,0.248245461,0.248245461,0.012649905,-0.111961013,-0.111820111,0.008931622,1.746511799,1.746511799,0.24935909,0.700060226,0.700060226,0.072494983,0.081893214,0.081893214,-0.013207307,0.830889662,0.830889662,0.149774654,0.285597759,0.285597759,0.008564667,0.423273181,0.423273181,0.039504751,0.580222231,0.580222231,0.059125302,0.217263558,0.217263558,-0.047544054,-0.25199779,-0.25199779,-0.15579825,-0.195742975,-0.195742975,-0.085799471,0.106336643,0.106336643,-0.070703783,0.664323966,0.664323966,0.027077631,-0.091683043,-0.091683043,-0.104537099,0.110937092,0.110937092,-0.036443481,0.300808702,0.300808702,0.005398731,0.435883985,0.435883985,0.102468504,0.111799652,0.111799652,0.079455931,0.153768623,0.153768623,0.014606999,0.210944598,0.210944598,0.109500814,-0.322433149,-0.322433149,0.05774235,-0.066621091,-0.066621091,-0.031338971,0.477144641,0.477144641,0.131835742,-0.055388463,-0.055388463,-0.016253399,0.312000186,0.312000186,0.073002299,0.577360391,0.577360391,0.115894191
CN,0.277214904,2.77E-01,-0.003095236,1.547715389,1.547398921,-1.135081349,-0.06967156,-0.06967156,-0.105504211,1.781468397,1.781468397,0.842832692,0.592644892,0.592644892,0.450438763,0.075637825,0.075637825,0.18998831,0.625719005,0.625719005,0.50349175,0.034180054,0.034180054,0.214789177,0.199908219,0.199908219,0.279182064,0.370358479,0.370358479,0.334182382,0.238114268,0.238114268,0.042187861,-0.79631625,-0.79631625,-0.231309641,-0.29535959,-0.29535959,-0.116397541,-0.142321612,-0.142321612,0.032725421,1.098892865,1.098892865,0.138515331,-0.429861343,-0.429861343,-0.215768167,-0.020059893,-0.020059893,-0.030702507,0.072449376,0.072449376,0.18796802,0.499707334,0.499707334,0.211304134,0.595816854,0.595816854,-0.146106793,0.260394406,0.260394406,-0.014046853,0.7520255,0.7520255,0.008557724,0.379895135,0.379895135,0.00142013,0.096587967,0.096587967,-0.228251912,0.665574722,0.665574722,0.141404393,0.123907651,0.123907651,-0.108905199,0.59491059,0.59491059,0.050268708,0.979791601,0.979791601,0.130330304
CO,-0.073287763,-0.073287763,0.656959967,0.281391596,0.281391596,-0.386839294,-0.098458667,-0.098458667,0.194320892,2.07808563,2.07808563,1.266130182,0.823523702,0.823523702,0.826774324,0.118829814,0.118829814,0.669436444,0.780837631,0.780837631,0.905838058,0.172537183,0.172537183,0.680187063,0.351029322,0.351029322,0.729337609,0.540390802,0.540390802,0.779373853,-0.064969691,-0.064969691,0.72476197,-0.855343468,-0.855343468,0.498650131,-0.3324735,-0.3324735,0.56462566,-0.161403984,-0.161403984,0.672286716,0.531636444,0.531636444,0.981602933,-0.664174521,-0.664174521,0.738269192,-0.042465437,-0.042465437,0.627737262,0.079751806,0.079751806,0.716135809,0.396820348,0.396820348,0.75739935,0.271576163,0.271576163,0.511836376,0.115899492,0.115899492,0.623681566,0.327151244,0.327151244,0.599385056,0.099292717,0.099292717,0.622603876,-0.152099156,-0.152099156,0.540769849,0.554493441,0.554493441,0.790573292,-0.07915976,-0.07915976,0.56660529,0.420194946,0.420194946,0.726445494,0.740560331,0.740560331,0.727002236
CO2,-0.109401641,-0.109401641,0.33006647,0.215377429,0.215377429,-0.03625142,-0.083304689,-0.083304689,0.05477637,1.344443651,1.344443651,0.12940639,0.348006262,0.348006262,-0.002176458,-0.246796536,-0.246796536,-0.047636341,0.407091379,0.407091379,0.074411493,-0.117498308,-0.117498308,-0.064368503,0.022414232,0.022414232,-0.038111252,0.182988002,0.182988002,-0.030581375,-0.269094625,-0.269094625,-0.027488184,-1.013536361,-1.013536361,-0.170811564,-0.533673686,-0.533673686,-0.058994365,-0.266391561,-0.266391561,-0.058831517,0.224352095,0.224352095,0.052413203,-0.75582685,-0.75582685,-0.039617295,-0.300523124,-0.300523124,-0.025249751,-0.098269796,-0.098269796,-0.047799171,0.130838185,0.130838185,0.09957551,0.088762089,0.088762089,0.086404826,-0.113787254,-0.113787254,0.013935065,0.307365055,0.307365055,0.141230615,-0.242742873,-0.242742873,0.105753752,-0.349882484,-0.349882484,0.027969505,0.274773018,0.274773018,0.154272212,-0.327228236,-0.327228236,0.013162097,0.174242186,0.174242186,0.096933382,0.412461029,0.412461029,0.112419322
F2,-1.040582254,-1.040582254,-0.076772915,0.078844223,0.078844223,0.257511177,-0.206782822,-0.206782822,0.00952657,1.935080446,1.935080446,0.405298919,0.969158575,0.969158575,0.219123981,0.101933474,0.101933474,0.099346774,0.974280039,0.974280039,0.289016173,0.446941972,0.446941972,0.156121488,0.594587407,0.594587407,0.186760676,0.783073225,0.783073225,0.211515691,-0.111648727,-0.111648727,0.013593514,-0.624453702,-0.624453702,-0.069722167,-0.288341069,-0.288341069,0.001240532,0.038371927,0.038371927,0.038294902,0.053361621,0.053361621,0.053730173,-0.47781683,-0.47781683,-0.043069043,-0.099224674,-0.099224674,0.037523076,0.37535619,0.37535619,0.133376911,0.322793122,0.322793122,0.207470543,-0.173274165,-0.173274165,0.153905083,0.015624654,0.015624654,0.122773859,-0.000404942,-0.000404942,0.209685763,-0.223016541,-0.223016541,0.180209688,-0.483013024,-0.483013024,0.023532696,0.461355957,0.461355957,0.232894479,-0.283155019,-0.283155019,0.060675268,0.332586369,0.332586369,0.180884074,0.467532746,0.467532746,0.196682681
FCN,0.382968411,0.382968411,0.147976823,0.041657635,0.041657635,0.047109468,-0.091132935,-0.091132935,0.019851004,1.742619085,1.742619085,0.159265182,0.649548455,0.649548455,0.017243174,0.079744151,0.079744151,-0.045867025,0.703959468,0.703959468,0.071570596,0.166426256,0.166426256,-0.055159637,0.312594138,0.312594138,-0.030892922,0.48121254,0.48121254,-0.020071951,0.098207467,0.098207467,-0.055733209,-0.711776245,-0.711776245,-0.16382993,-0.232670404,-0.232670404,-0.094486259,-0.012293533,-0.012293533,-0.0826551,0.726567445,0.726567445,0.026148008,-4.15E-01,-0.414757329,-0.052539839,0.022354244,0.022354244,-0.047377618,0.189484902,0.189484902,-0.051974648,0.42635225,0.42635225,0.063676543,0.333645823,0.333645823,0.016399305,0.187838031,0.187838031,-0.017163834,0.4996021,0.4996021,0.053466233,0.06556465,0.06556465,0.056342479,-0.013943726,-0.013943726,-0.024493273,0.555735122,0.555735122,0.105500331,-0.008333179,-0.008333179,-0.022222118,0.466104312,0.466104312,0.051903121,0.733447127,0.733447127,0.062352459
H,-0.002183308,-0.002183308,-0.002183308,0,0,0,0,0,0,7.999662867,7.999662867,7.999662867,6.247516257,6.25E+00,6.247516257,2.696981409,2.696981409,2.696981409,3.75913772,3.75913772,3.75913772,2.939178819,2.939178819,2.939178819,3.393117833,3.393117833,3.393117833,3.884435601,3.884435601,3.884435601,4.817622722,4.817622722,4.817622722,-0.97327647,-0.97327647,-0.97327647,1.959647173,1.959647173,1.959647173,1.729732684,1.729732684,1.729732684,4.384123119,4.384123119,4.384123119,1.52E+00,1.517605022,1.517605022,1.729732684,1.729732684,1.729732684,2.090794408,2.090794408,2.090794408,2.798267643,2.798267643,2.798267643,3.249226429,3.249226429,3.249226429,2.573856524,2.573856524,2.573856524,3.8629667,3.8629667,3.8629667,4.498001918,4.498001918,4.498001918,1.242643055,1.242643055,1.242643055,3.447025508,3.447025508,3.447025508,2.754871482,2.754871482,2.754871482,3.26002524,3.26002524,3.26002524,6.163526112,6.163526112,6.163526112
H2,1.009555021,1.009555021,-0.151565324,0.245610904,0.245610904,-0.203197576,0,0,0,5.065598611,5.065598611,4.368951562,2.923691225,2.923691225,2.664596839,0.673262831,0.673262831,1.213415562,1.741169098,1.741169098,2.164802578,0.837919999,0.837919999,1.276163551,1.217061194,1.217061194,1.573240395,1.549150112,1.549150112,1.79637062,1.031290751,1.031290751,1.480273723,-0.452648185,-0.452648185,0.062713593,0.435434487,0.435434487,0.857714775,0.277469114,0.277469114,0.468223142,1.657205421,1.657205421,1.583961844,0.43548794,0.43548794,0.489900688,0.639329384,0.639329384,0.782091207,0.182538181,0.182538181,0.4320835,1.354360253,1.354360253,1.43196896,1.016800784,1.016800784,0.728045798,1.057850293,1.057850293,0.92247382,1.224292103,1.224292103,1.159600592,1.106122496,1.106122496,1.306627123,0.610234463,0.610234463,0.423046557,2.028519987,2.028519987,1.66433667,0.731407859,0.731407859,0.605435384,1.402491304,1.402491304,1.01236006,2.116956752,2.116956752,1.881922773
H2CN,0.444788019,-0.061031208,0.084689892,1.01128928,0.072340613,-0.225462265,-0.068493269,-0.086024253,-0.034245745,1.998343828,1.35E+00,0.638871369,0.690060519,0.389886258,0.199351195,-0.074245234,0.166994949,0.118904084,0.540784598,0.651178415,0.339840097,-0.086804243,0.119682357,0.102541754,0.107291607,0.247683348,0.153907013,0.299447941,0.359614439,0.19492833,-0.032654787,0.277732167,0.160510496,-1.091141042,-0.387762195,-0.065817255,-0.474949461,-0.042996672,0.01726192,-0.288750092,-0.003589653,0.045959869,0.758583122,0.87784995,0.412109387,-0.761818643,-0.015693424,0.094058939,-0.135092637,-0.098141062,0.023120543,-0.092299306,0.125083294,0.118673035,0.36628363,0.297759712,0.162012228,0.414330917,0.20220775,0.006978315,0.12335136,-0.016208511,0.008064419,0.47445529,0.271312236,0.044487565,0.179735944,0.273366659,0.080646104,-0.038931481,-0.235361061,-0.068750533,0.571983254,0.309312246,0.151345229,-0.029908857,-0.138616826,-0.059285917,0.420188769,0.210173893,0.067928663,3.238030822,2.466342759,1.015430836
H2O,-1.041050781,-0.68852674,-0.847327965,0.524632222,0.074853474,0.286786363,-0.251564531,-0.167196545,-0.208818579,2.847537472,1.80E+00,2.257860078,1.31795084,0.863670415,1.092405532,0.355935817,0.527968605,0.457112961,1.294908031,1.211259148,1.251285937,0.554105248,0.653233853,0.611299281,0.771191081,0.79993294,0.787694675,0.998083299,0.918843569,0.946037822,0.038177841,0.259304477,0.168108037,-0.768836269,-0.230475947,-0.468765527,-0.444594262,0.095636539,-0.083139758,-0.068182308,0.373309914,0.260122642,0.441835721,0.394986554,0.446314676,-0.639534585,-0.245186221,-0.391718698,0.00835653,0.121416827,0.125589963,0.494759975,0.628595586,0.570752576,0.487661999,0.587350699,0.556127013,-0.116860361,0.165379652,0.041412189,0.073174128,0.214372937,0.152154938,0.117873803,0.240122687,0.151926849,-0.270188978,0.22952065,0.068262273,-0.431568394,-0.222868035,-0.273456562,0.601814085,0.548605342,0.572114477,-0.170758409,-0.027290253,-0.093385685,0.339134761,0.383896765,0.338933612,0.675911328,0.603448277,0.607175804
HBO,-0.3044471,-0.3044471,-0.043222067,0.361385307,0.361385307,0.085880115,-0.14466864,-0.14466864,-0.054183888,2.241680776,2.241680776,0.410846561,0.889483413,0.889483413,0.080652791,0.177653772,0.177653772,0.153192768,0.787778229,0.787778229,0.341686856,0.199036749,0.199036749,0.080507183,0.38355966,0.38355966,0.127526946,0.583606175,0.583606175,0.150796734,0.022832262,0.022832262,0.290475198,-0.91071659,-0.91071659,0.063010493,-0.351093004,-0.351093004,0.079320436,-0.112148917,-0.112148917,0.035541878,0.777828213,0.777828213,0.399509868,-0.522315117,-0.522315117,0.313682878,-0.007704956,-0.007704956,-0.00020677,0.148529186,0.148529186,0.104878947,0.353586419,0.353586419,0.163644447,0.113477439,0.113477439,-0.022884523,0.088432961,0.088432961,-0.030631637,0.365395128,0.365395128,0.09727148,0.138970835,0.138970835,0.163780388,-0.183817749,-0.183817749,-0.102622448,0.50064201,0.50064201,0.130813131,-0.075193379,-0.075193379,-0.043219591,0.377202447,0.377202447,0.055917817,0.702719127,0.702719127,0.15249396
HCCF,0.729925389,0.729925389,-0.036664039,0.128913788,0.128913788,0.019934068,-0.07190109,-0.07190109,-0.019266841,2.018380393,2.018380393,0.206126106,0.726704098,0.726704098,0.053304585,0.198188708,0.198188708,0.05265366,0.772963672,0.772963672,0.162700426,0.199955056,0.199955056,0.033810124,0.362620054,0.362620054,0.057931842,0.542333122,0.542333122,0.069192687,0.348805253,0.348805253,0.010028499,-0.636954878,-0.636954878,-0.054323761,-0.107269116,-0.107269116,-0.032234969,0.094508364,0.094508364,-0.038290142,1.175812328,1.175812328,0.085252065,-0.254434059,-0.254434059,-0.003523122,0.181995727,0.181995727,-0.031780145,0.271466029,0.271466029,0.024544184,0.520033285,0.520033285,0.083643698,0.389362457,0.389362457,0.00707253,0.289997587,0.289997587,-0.011949486,0.554361243,0.554361243,0.031792257,0.160499182,0.160499182,0.085351421,0.166389105,0.166389105,-0.062786797,0.632069303,0.632069303,0.07329434,0.129276805,0.129276805,-0.038612695,0.541159569,0.541159569,0.022743468,0.869220907,0.869220907,0.060886647
HCN,1.081508291,1.081508291,-0.316306714,-0.004225726,-0.004225726,0.084817467,-0.0280909,-0.0280909,-0.076280344,1.936809046,1.936809046,0.544001863,0.656430761,0.656430761,0.153600502,0.077900427,0.077900427,0.113299343,0.663212226,0.663212226,0.348741904,0.02673062,0.02673062,0.089112796,0.209542412,0.209542412,0.142227081,0.384796521,0.384796521,0.180135421,0.146512179,0.146512179,0.044711359,-0.928553261,-0.928553261,-0.068689968,-0.30993696,-0.30993696,-0.035898819,-0.108996134,-0.108996134,0.004564043,1.020289113,1.020289113,0.23243112,-0.460265864,-0.460265864,-0.009732764,0.001562531,0.001562531,-0.071298445,0.068521254,0.068521254,0.089130818,0.52961799,0.52961799,0.109657742,0.532164301,0.532164301,-0.123833254,0.274234924,0.274234924,-0.081523526,0.648801067,0.648801067,-0.101100545,0.316773036,0.316773036,0.037417682,0.150772228,0.150772228,-0.214296471,0.726766252,0.726766252,0.066768084,0.13032234,0.13032234,-0.160469954,0.583925303,0.583925303,-0.023177445,0.942127982,0.942127982,0.045022011
He,-0.357737111,-0.357737111,-0.357737111,-0.201294877,-0.201294877,-0.201294877,0,0,0,5.449864445,5.449864445,5.449864445,3.829488229,3.829488229,3.829488229,1.624209983,1.624209983,1.624209983,2.5894455,2.5894455,2.5894455,1.899614851,1.899614851,1.899614851,2.183420087,2.183420087,2.183420087,2.516570729,2.516570729,2.516570729,0.156585152,0.156585152,0.156585152,-0.484386149,-0.484386149,-0.484386149,1.186619284,1.186619284,1.186619284,1.057283645,1.057283645,1.057283645,-0.002104724,-0.002104724,-0.002104724,0.049263662,0.049263662,0.049263662,1.071148951,1.071148951,1.071148951,0.978677616,0.978677616,0.978677616,1.798719578,1.798719578,1.798719578,1.085012356,1.085012356,1.085012356,1.477021768,1.477021768,1.477021768,1.075770298,1.075770298,1.075770298,0.913897263,0.913897263,0.913897263,0.594013196,0.594013196,0.594013196,2.334156758,2.334156758,2.334156758,0.751764155,0.751764155,0.751764155,1.835420334,1.835420334,1.835420334,1.945443328,1.945443328,1.945443328
HF,-1.127836964,-1.127836964,-1.065032071,0.399475719,0.399475719,0.106859466,-0.22943223,-0.22943223,-0.199505626,2.586701234,2.586701234,2.095291017,1.375238785,1.375238785,1.164102199,0.428594164,0.428594164,0.726644351,1.449842995,1.449842995,1.538191235,0.773857466,0.773857466,1.005868235,0.968187869,0.968187869,1.141973675,1.168943727,1.168943727,1.271403015,0.122506738,0.122506738,0.329240761,-0.567689557,-0.567689557,-0.237184804,-0.164710465,-0.164710465,0.242076088,0.25122874,0.25122874,0.684631414,0.272666342,0.272666342,0.289272766,-0.403539868,-0.403539868,-0.141122449,0.117354415,0.117354415,0.304134864,0.707289926,0.707289926,0.927788353,0.643241154,0.643241154,0.757629374,-0.01497939,-0.01497939,0.190867189,0.229786553,0.229786553,0.374882781,0.225497565,0.225497565,0.374939202,0.00307644,0.00307644,0.312982729,-0.348308221,-0.348308221,-0.188159803,0.794330941,0.794330941,0.730803752,-0.081212017,-0.081212017,0.103911929,0.574877506,0.574877506,0.608606948,0.787506912,0.787506912,0.761285415
HNC,0.486652711,0.486652711,-0.114918333,0.217443627,0.217443627,0.097824502,-0.058067031,-0.058067031,-0.070589264,2.056998971,2.056998971,0.750629059,0.670586342,0.670586342,0.285964289,0.014141673,0.014141673,0.210097329,0.617832616,0.617832616,0.441820526,-0.047257934,-0.047257934,0.194240039,0.149253974,0.149253974,0.247667673,0.340007143,0.340007143,0.295852706,-0.028170234,-0.028170234,0.156684011,-1.055790956,-1.055790956,-0.03706773,-0.452695107,-0.452695107,0.034881903,-0.276179369,-0.276179369,0.123067826,0.781361597,0.781361597,0.356636084,-0.69925822,-0.69925822,0.080584712,-0.099560311,-0.099560311,0.040732385,-0.062198677,-0.062198677,0.194832727,0.360674413,0.360674413,0.212339964,0.295351306,0.295351306,-0.035400269,0.079233864,0.079233864,0.047568086,0.342900817,0.342900817,0.009663843,0.118600308,0.118600308,0.11150281,-0.071745322,-0.071745322,-0.095067593,0.529573152,0.529573152,0.191443769,-0.051822924,-0.051822924,-0.029907063,0.369353397,0.369353397,0.123213541,0.769013513,0.769013513,0.148433566
LiBH4,0.311739926,0.311740287,0.030332046,0.077025704,0.076883099,0.029501288,-0.036378174,-0.036025461,-0.029587936,1.714573397,1.714592128,0.968882502,0.577895037,0.577898903,0.445055194,0.382017232,0.38201852,0.237938359,0.617407139,0.617411525,0.472975875,0.112352983,0.112350712,0.160402613,0.247169195,0.246955528,0.254136748,0.349866148,0.349867012,0.325546348,0.54219334,0.542196736,0.246351703,-0.438610245,-0.438619815,-0.202223565,0.042740683,0.042737492,0.127206279,-0.095346001,-0.095351018,0.052238735,1.01739006,1.017188143,0.412472461,0.069651792,0.069435402,0.023834747,0.107870214,0.107440941,0.043812292,0.035477715,0.035260801,0.116121995,0.344755093,0.34475589,0.279881634,0.144153535,0.144151685,0.141503822,0.067729809,0.067726949,0.114046989,0.386062003,0.386063344,0.229986165,0.537942293,0.537945634,0.24644221,0.009625814,0.009622186,-0.021143031,0.399898146,0.39989967,0.290687368,0.125373222,0.125371124,-0.008392661,0.245250617,0.245250101,0.149244308,0.606999542,0.606791377,0.353892203
Mg,2.665775396,2.665775396,2.665775396,0.124369071,0.124369071,0.124369071,0.150845765,0.150845765,0.150845765,2.466467397,2.466467397,2.466467397,-0.0661585,-0.0661585,-0.0661585,0.823973599,0.823973599,0.823973599,0.163159786,0.163159786,0.163159786,0.018806105,0.018806105,0.018806105,0.217040771,0.217040771,0.217040771,0.354385451,0.354385451,0.354385451,1.277276228,1.277276228,1.277276228,-1.210287771,-1.210287771,-1.210287771,0.518398509,0.518398509,0.518398509,0.50813085,0.50813085,0.50813085,4.473973126,4.473973126,4.473973126,1.22984149,1.22984149,1.22984149,0.728260785,0.728260785,0.728260785,0.727472648,0.727472648,0.727472648,0.115593658,0.115593658,0.115593658,-0.587053188,-0.587053188,-0.587053188,0.46072806,0.46072806,0.46072806,0.86333521,0.86333521,0.86333521,2.450583495,2.450583495,2.450583495,0.716832193,0.716832193,0.716832193,0.039837592,0.039837592,0.039837592,0.470210407,0.470210407,0.470210407,0.508920707,0.508920707,0.508920707,0.26495466,0.26495466,0.26495466
Mg2,2.299311436,2.299311436,0.252276206,0.082844772,0.082844772,0.009815243,0.114773744,0.114773744,0.02293124,1.919130387,1.919130387,0.15426474,-0.456528711,-0.456528711,-0.036139871,0.393975137,0.393975137,0.100459046,-0.353257608,-0.353257608,0.06053429,-0.465776096,-0.465776096,0.014928185,-0.266945644,-0.266945644,0.018398828,-0.110570098,-0.110570098,0.019534059,0.774151584,0.774151584,0.167198852,-1.527092505,-1.527092505,-0.0135551,0.024357516,0.024357516,0.069903721,0.056161097,0.056161097,0.066402444,3.99716097,3.99716097,0.337863402,0.25056322,0.25056322,0.266416392,0.245573023,0.245573023,0.06571082,0.220817973,0.220817973,0.074917681,-0.305877139,-0.305877139,0.047845795,-0.737550372,-0.737550372,-0.065319422,0.091153355,0.091153355,0.025091099,0.787057537,0.787057537,-0.005833317,2.176984882,2.176984882,0.173600511,0.369057322,0.369057322,0.052320456,-0.272162385,-0.272162385,0.03918773,0.233196262,0.233196262,0.046505519,0.329973728,0.329973728,0.041663083,0.186270466,0.186270466,0.001011967
N,-0.435834905,-0.435834905,-0.435834905,-0.118302696,-0.118302696,-0.118302696,-0.102274335,-0.102274335,-0.102274335,2.984898554,2.984898554,2.984898554,1.756427828,1.756427828,1.756427828,0.46831412,0.46831412,0.46831412,1.751030802,1.751030802,1.751030802,1.216205004,1.216205004,1.216205004,1.403218462,1.403218462,1.403218462,1.620515508,1.620515508,1.620515508,0.895581606,0.895581606,0.895581606,-0.560015927,-0.560015927,-0.560015927,0.172711102,0.172711102,0.172711102,0.648533018,6.49E-01,0.648533018,1.34724097,1.34724097,1.34724097,-0.290693544,-0.290693544,-0.290693544,0.429132929,0.429132929,0.429132929,1.081377291,1.081377291,1.081377291,1.019785378,1.019785378,1.019785378,0.60032425,0.60032425,0.60032425,0.753966057,0.753966057,0.753966057,1.109443506,1.109443506,1.109443506,1.007100028,1.007100028,1.007100028,0.063921593,0.063921593,0.063921593,1.125736443,1.125736443,1.125736443,0.381730595,0.381730595,0.381730595,1.107633017,1.107633017,1.107633017,1.511474304,1.511474304,1.511474304
N2,0.751051209,0.750372777,-0.149413572,-0.096493189,-0.097165913,0.119936594,-0.047859961,-0.048533013,-0.052541212,1.77888129,1.778195938,0.664916377,0.6432706,0.642592894,0.252028454,0.02201141,0.021337888,0.051743178,0.66755558,0.66687771,0.318129912,0.065991523,0.065317704,0.082678518,0.231476708,0.230801775,0.135777513,0.401071587,0.400395512,0.186351545,-0.038615108,-0.039288222,0.032520952,-0.928776675,-0.929443795,-0.139236517,-0.336904889,-0.337575995,-0.083203008,-0.150675361,-0.151347721,0.028613544,0.608775856,0.608098382,0.2560831,-0.561332339,-0.562001934,-0.00921806,-0.074323727,-0.074996601,-0.002651218,0.034718762,0.034045154,0.098767364,0.47408454,0.473407973,0.134528449,0.474571115,0.473894545,-0.083515958,0.212940346,0.212265537,-0.017036291,0.545585794,0.544908746,-0.023760459,0.194400554,0.19372587,-0.01109438,0.017612335,0.016938842,-0.119824704,0.676296739,0.67561881,0.156384831,0.019567504,0.018893997,-0.097130191,0.547530696,0.546853635,0.068774422,0.845628336,0.844949267,0.098454984
Na,1.967503229,1.967503229,1.967503229,0.125882472,0.125882472,0.125882472,0.108803225,0.108803225,0.108803225,1.638070671,1.638070671,1.638070671,-1.24948586,-1.24948586,-1.24948586,4.152542816,4.152542816,4.152542816,-1.27025431,-1.27025431,-1.27025431,-0.609105901,-0.609105901,-0.609105901,-0.456199386,-0.456199386,-0.456199386,-0.348961449,-0.348961449,-0.348961449,2.700183275,2.700183275,2.700183275,-0.965655498,-0.965655498,-0.965655498,-0.504279471,-0.504279471,-0.504279471,-0.172484686,-0.172484686,-0.172484686,5.710690529,5.710690529,5.710690529,1.472742817,1.472742817,1.472742817,-0.810045736,-0.810045736,-0.810045736,0.46103026,0.46103026,0.46103026,-1.306609612,-1.306609612,-1.306609612,-2.239111701,-2.239111701,-2.239111701,-0.157935002,-0.157935002,-0.157935002,3.214310869,3.214310869,3.214310869,3.834980665,3.834980665,3.834980665,-0.759665011,-0.759665011,-0.759665011,-1.433525331,-1.433525331,-1.433525331,1.201239969,1.201239969,1.201239969,0.335073072,0.335073072,0.335073072,0.734528164,0.734528164,0.734528164
Na2,1.330207078,1.330207078,1.216554614,1.483019249,1.483019249,-0.695835043,0.420485316,0.420485316,-0.124281467,0.519770779,0.519770779,1.079949798,-2.32E+00,-2.316143556,0.361912377,-0.373321612,-0.373321612,0.568270495,-2.531944292,-2.531944292,0.636311614,-1.27E+00,-1.274060149,0.233753527,-1.292448675,-1.292448675,0.290285004,-1.628154603,-1.628154603,0.3450951,-0.851849933,-0.851849933,0.636349902,1.118809081,1.118809081,-0.359249838,-1.655729417,-1.655729417,0.215069226,-0.660978913,-0.660978913,0.015706928,2.049284109,2.049284109,1.336569658,1.224985216,1.224985216,-0.221640058,-0.325530858,-0.325530858,0.188632293,-0.218245872,-0.218245872,0.080966738,-2.0170877,-2.0170877,0.38926323,-2.761620067,-2.761620067,0.589130095,-0.776705799,-0.776705799,0.095884441,1.262320915,1.262320915,0.130234825,1.844830894,1.844830894,1.071887167,-0.078156809,-0.078156809,0.081871488,-1.457666384,-1.457666384,0.081717489,1.245447728,1.245447728,-0.253697259,-0.008292666,-0.008292666,-0.276954834,-0.148711465,-0.148711465,0.172882179
NaCl,-0.123158599,-0.123158599,0.012601933,0.209071867,0.209071867,0.019140038,-0.190189754,-0.190189754,-8.50E-03,2.808470587,2.808470587,2.80E-01,1.22E+00,1.21815925,0.123008465,0.678016072,6.78E-01,0.095968693,1.506029619,1.506029619,0.214362282,0.68598791,6.86E-01,0.088443694,0.909200268,0.909200268,0.131573963,1.094791406,1.094791406,0.147037384,0.472072434,0.472072434,0.069671242,-0.315951929,-0.315951929,0.001482833,-0.173461721,-0.173461721,0.012476373,0.245562317,0.245562317,0.048637497,0.930493919,0.930493919,0.102900227,-0.322705151,-0.322705151,-0.020647386,0.321208541,0.321208541,0.025001539,0.663099324,0.663099324,0.100872363,0.834508694,0.834508694,0.118457507,0.290750371,0.290750371,0.035374508,0.359139263,0.359139263,0.053510616,0.584363998,0.584363998,0.096146753,0.15641758,0.15641758,0.007229333,0.022939782,0.022939782,0.000917468,0.705014908,0.705014908,0.091283404,0.222831482,0.222831482,0.006701498,0.371779652,0.371779652,0.042605956,0.890725027,0.890725027,0.09511966
Ne,-0.99979914,-0.99979914,-0.99979914,0.216099423,0.216099423,0.216099423,-0.16505968,-0.16505968,-1.65E-01,2.435030557,2.435030557,2.44E+00,1.49E+00,1.492763768,1.492763768,0.589203145,5.89E-01,0.589203145,1.643149861,1.643149861,1.643149861,1.06103203,1.06E+00,1.06103203,1.221275373,1.22E+00,1.221275373,1.393915739,1.393915739,1.393915739,0.228057447,0.228057447,0.228057447,-0.37988243,-0.37988243,-0.37988243,0.126796385,0.126796385,0.126796385,0.59383966,0.59383966,0.59383966,0.216423449,0.216423449,0.216423449,-0.097039502,-0.097039502,-0.097039502,0.312944758,0.312944758,0.312944758,0.979082996,0.979082996,0.979082996,0.870484672,0.870484672,0.870484672,0.218750357,0.218750357,0.218750357,0.488306006,0.488306006,0.488306006,0.534708071,0.534708071,0.534708071,0.397760295,0.397760295,0.397760295,-0.147238184,-0.147238184,-0.147238184,1.021797126,1.021797126,1.021797126,0.117479881,0.117479881,0.117479881,0.845051154,0.845051154,0.845051154,0.937505954,0.937505954,0.937505954
NH2,-0.755471728,-0.264700704,-0.401097805,0.24727686,-0.062705434,0.10041678,-0.173121978,-0.110981351,-0.152375296,2.815135188,1.668235843,2.371355719,1.43E+00,0.70746373,1.013294652,-0.016490306,4.44E-01,0.433347822,1.069885402,0.990322007,1.095008805,0.349237763,0.460741917,0.473970071,0.583155594,0.594775921,0.639168251,0.817216285,0.702806207,8.01E-01,0.020833739,0.39365781,0.333763914,-1.186123519,-0.205719219,-0.468579661,-0.602368051,0.118483739,-0.051445771,-0.364134833,0.184475275,0.153370317,0.836411207,7.90E-01,0.823725712,-0.900441831,-0.034101929,-0.253143327,-0.282308632,0.11124331,0.130513237,0.11753498,0.462015233,0.453413425,0.457320449,0.506146864,0.503082422,0.439429441,0.230856206,0.099465775,0.078175037,0.171706112,0.14441122,0.561162994,0.306551435,0.160401003,0.50478499,0.283593751,0.026393556,-0.516871871,-0.125850612,-0.181169887,0.643610465,0.46498624,0.498827538,-0.140312368,-0.041779984,-0.074474947,0.493092909,0.304851046,0.270544357,1.033633035,0.558740035,0.575968163
NH3,-0.297031551,-0.297195632,-0.601794797,0.105240259,0.105628657,0.422680485,-0.122959434,-0.122111803,-0.208507344,1.685217663,1.685063788,2.865517553,0.70231292,0.702154017,1.214486779,0.337160702,0.336999915,0.425412293,0.919514576,0.919356789,1.200110051,0.347025823,0.346865087,0.462946952,0.501978261,0.501818326,0.673266013,0.618921412,0.61876208,0.879613947,1.74E-01,0.173886677,0.162487496,-0.390401846,-0.390566413,-0.715057914,-0.046357759,-0.046520534,-0.386182011,0.092194648,0.092032592,-0.006257447,0.539399116,0.539239373,0.719987508,-0.282338663,-0.282502673,-0.6199812,0.014628947,0.014070582,0.071691511,0.351366168,0.351205455,0.413910791,0.453113226,0.452953038,0.489963026,0.179186651,0.179025047,-0.011099591,0.102875009,0.102713008,0.09083089,0.242011148,0.241849869,0.095686017,0.219098599,0.218937201,-0.196005428,-0.195416937,-0.195580495,-0.287709249,0.454689888,0.454529709,0.486676584,-0.084790571,-0.084953546,-0.107902614,0.24833093,0.248169683,0.180301379,0.528371259,0.52821146,0.580110327
NH3O,-0.819610847,-0.818770122,-0.146281364,0.230643984,0.230779582,0.081600342,-0.232780773,-0.232192624,-0.06321754,2.039465788,2.040583821,0.830157702,0.857125712,0.858243534,0.404235631,0.415050646,0.415894773,0.263861171,1.086001489,1.086847501,0.515818059,0.504496142,0.505613931,0.290470106,0.657217366,0.658062171,0.345899884,0.805345785,0.806191006,0.388620105,2.67E-01,0.267463401,0.160485264,-0.268128142,-0.267285908,-0.023351089,-0.032552657,-0.031709773,0.052698446,0.188207706,0.189051201,0.094834665,0.605061411,0.606179209,0.28349762,-0.287968278,-0.286850513,-0.015492437,0.081183271,0.082026469,0.107741908,0.465937666,0.466781936,0.263556098,0.401093248,0.401937336,0.25877423,-0.068018564,-0.066900799,0.051412087,0.041637614,0.042480703,0.10669165,0.042461641,0.043579408,0.127635995,-0.13265937,-0.131816763,0.071574737,-0.326833317,-0.325991245,-0.032576266,0.345244241,0.346088174,0.203030636,-0.1777952,-0.176677436,-0.000571171,2.943270043,2.9441214,1.023288748,0.457458286,0.458302532,0.180787759
O2,-0.079295825,-0.079295825,-0.112387458,-0.17220189,-0.17220189,0.04440517,-0.097225634,-0.097225634,-0.036395874,1.547581377,1.547581377,0.636887202,0.504790154,0.504790154,0.338886834,-0.244886052,-0.244886052,0.123387265,0.528003989,0.528003989,0.401021571,-0.009760193,-0.009760193,0.207875707,0.142056731,0.142056731,0.253339991,0.318391211,0.318391211,0.292292974,-2.54E-01,-0.254342433,0.054313759,-1.013779851,-1.013779851,-0.103394127,-0.544441906,-0.544441906,-0.022360324,-0.250360689,-0.250360689,0.055875269,0.203511824,0.203511824,0.157321187,-0.712807964,-7.13E-01,-0.039812216,-0.372872088,-0.372872088,0.049238684,-0.04402528,-0.04402528,0.185525697,0.15791972,0.15791972,0.23035063,0.035412048,0.035412048,0.089181675,-0.097681185,-0.097681185,0.096596046,0.229272101,0.229272101,0.182146774,-0.178219119,-0.178219119,0.153031326,-0.457622538,-0.457622538,-0.040463465,0.323834812,0.323834812,0.245417699,-0.363902731,-0.363902731,0.016309506,0.210447935,0.210447935,0.167070188,0.446979223,0.446979223,0.215800966
O3,-1.513687,-0.349831353,0.224198674,0.072161355,-0.119008013,0.273477347,-0.350267264,-0.075651745,0.020006953,1.545024932,0.371620936,0.93593913,0.508234021,0.188417656,0.269593213,-0.236391279,0.104044509,-0.184779773,0.506539473,0.2420097,0.297097208,-0.054571381,0.134565744,-0.063682091,0.109907034,0.157774152,0.033662782,0.293816211,0.180699889,0.144400694,-0.391524005,0.011360158,-0.117217008,-1.064740479,-0.029664924,-0.546557518,-0.75707476,-0.064452194,-0.206109095,-0.5051222,-0.047913993,-0.064874227,0.203093609,0.126196452,-0.010099711,-0.883119379,-0.001788261,-0.408641218,-0.539706426,-0.031193272,-0.09707448,-0.060024573,0.121341018,-0.088833188,-0.000396442,0.09002937,0.156206982,-0.117983129,-0.018735605,0.046354017,-0.337849471,-0.008687243,0.02034389,0.069408465,0.025802908,0.078938839,-0.362802823,0.005712105,-0.104145794,-0.879339145,-0.154325171,-0.067758532,0.051706464,0.065463453,0.301584905,-0.571219359,-0.037909015,-0.144339384,0.433986007,0.176170623,-0.055621398,0.696489896,0.189988865,0.04985506
P,0.656200599,0.656200599,0.656200599,0.03956924,0.03956924,0.03956924,-0.008596714,-0.008596714,-0.008596714,2.345880822,2.345880822,2.345880822,0.932504269,0.932504269,0.932504269,-0.231915882,-0.231915882,-0.231915882,1.014213194,1.014213194,1.014213194,0.437881336,0.437881336,0.437881336,0.611684122,0.611684122,0.611684122,0.78000126,0.78000126,0.78000126,0.823702878,0.823702878,0.823702878,-0.824898605,-0.824898605,-0.824898605,-0.285813828,-0.285813828,-0.285813828,0.055795709,0.055795709,0.055795709,1.247514616,1.247514616,1.247514616,-0.295548506,-2.96E-01,-0.295548506,0.145675861,0.145675861,0.145675861,0.377648718,0.377648718,0.377648718,0.653604345,0.653604345,0.653604345,0.462038592,0.462038592,0.462038592,0.404423231,0.404423231,0.404423231,0.545986343,0.545986343,0.545986343,0.603891714,0.603891714,0.603891714,0.098694645,0.098694645,0.098694645,0.599067539,0.599067539,0.599067539,0.124425184,0.124425184,0.124425184,0.532247484,0.532247484,0.532247484,1.318284605,1.318284605,1.318284605
HCl,0.460682522,0.460682522,-0.03772551,0.174155734,0.174155734,-0.056089483,-0.051918348,-0.051918348,-0.075551073,1.887930065,1.887930065,1.308570868,0.712364902,0.712364902,0.504118231,0.064772938,0.064772938,0.224319665,0.823389802,0.823389802,0.860163303,0.186895566,0.186895566,0.3004998,0.351400306,0.351400306,0.429757879,0.505646544,5.06E-01,0.514564154,0.207652347,0.207652347,0.10710465,-0.366174332,-0.366174332,-0.320513906,-0.320117856,-0.320117856,-0.192013208,-0.024137215,-0.024137215,0.022637448,0.746539441,0.746539441,0.381370327,-0.192853581,-0.192853581,-0.182505162,0.122450571,0.122450571,-0.026292434,0.218744725,0.218744725,0.301968159,0.522770405,0.522770405,0.488671399,0.265963051,0.265963051,0.285500754,0.203358193,0.203358193,0.121682983,0.357831966,0.357831966,0.363092517,-0.217646594,-0.217646594,0.07477345,0.064772938,0.064772938,-0.137846856,0.579115854,0.579115854,0.430393267,0.040760647,0.040760647,-0.02249423,0.312444224,0.312444224,0.191528729,0.671055188,0.671055188,0.524649531
NH,-0.721131805,-0.721131805,-0.107750442,0.063062447,0.063062447,-0.145012059,-0.144525055,-0.144525055,-0.102331641,2.82E+00,2.817799634,2.069452927,1.540682342,1.540682342,0.878193539,0.14137681,0.14137681,0.530328655,1.336866882,1.336866882,1.074159869,0.690941568,0.690941568,0.563448649,0.902294706,0.902294706,6.82E-01,1.13E+00,1.131863355,7.98E-01,0.366420062,0.366420062,0.658846464,-0.939122677,-0.939122677,-0.18158427,-0.244804731,-0.244804731,0.264712351,0.078556794,0.078556794,0.287976599,0.996519884,0.996519884,1.151548202,-0.620621061,-0.620621061,0.197478231,0.010981268,1.10E-02,0.277892463,0.467407699,0.467407699,0.449206208,0.673764277,0.673764277,0.556190318,0.495572184,0.495572184,0.220197072,0.33430193,0.33430193,0.235547828,0.795503676,0.795503676,0.255607036,0.736213116,0.736213116,0.270865642,-0.290521693,-0.290521693,-0.006747909,0.829034207,0.829034207,0.510546654,0.03770263,0.03770263,0.019976462,0.736213116,0.736213116,0.376343826,1.190922093,1.190922093,0.594270958
PH,0.357270486,0.357270486,0.658401666,0.166988713,0.166988713,0.02998581,-0.03984354,-0.03984354,0.009954624,2.23E+00,2.230010628,1.295821347,0.795331741,0.795331741,0.390058538,-0.397120768,-0.397120768,0.247899147,0.716899074,0.716899074,0.74442391,0.110629911,0.110629911,0.194016047,0.292790879,0.292790879,0.320290214,4.76E-01,0.476361671,4.01E-01,0.363193561,0.363193561,0.742738723,-0.943825769,-0.943825769,-0.23040617,-0.489845202,-0.489845202,0.114830332,-0.190557423,-0.190557423,0.092900183,0.96759988,0.96759988,1.367269103,-0.606927802,-0.606927802,0.529758508,-0.097410748,-9.74E-02,0.145899287,-0.001903063,-0.001903063,0.241380177,0.397679819,0.397679819,0.518498422,0.331832131,0.331832131,0.467944507,0.136124459,0.136124459,0.196506244,0.416485513,0.416485513,0.470720797,0.304644294,0.304644294,0.631467657,-0.140471531,-0.140471531,0.124992663,0.404645301,0.404645301,0.474303972,-0.095660702,-0.095660702,0.059715088,0.319284814,0.319284814,0.270511871,0.96759988,0.96759988,0.717651313
LiH,-0.823084134,-0.823084134,-2.299714672,-0.825495513,-0.825495513,-0.822505394,-0.010650259,-0.010650259,-0.060981092,8.539912637,8.539912637,-0.82264945,3.836114518,3.836114518,-2.15E+00,2.19500302,2.19500302,-2.199076071,2.898545718,2.898545718,-2.001632204,1.746018517,1.746018517,-2.568874494,2.235388323,2.235388323,-2.336294809,2.68E+00,2.679491992,-2.27871813,1.097573968,1.097573968,-1.996922862,-0.993478866,-0.993478866,-2.646859445,0.569085515,5.69E-01,-2.446104781,0.272935631,0.272935631,-2.838264593,2.456307256,2.456307256,-1.508065498,-1.554146868,-1.554146868,-2.547306506,0.967571156,0.967571156,-2.499569979,0.414115805,0.414115805,-2.804290861,1.321899752,1.321899752,-2.334464082,0.833679115,0.833679115,-2.385610908,0.881119536,0.881119536,-2.591267003,-0.041929137,-0.041929137,-2.151129847,2.062721212,2.062721212,-1.814772989,0.080948457,0.080948457,-2.59091918,1.015877445,1.015877445,-2.331357584,1.09014974,1.09014974,-2.236687753,0.255157156,0.255157156,-2.49628721,2.071912988,2.071912988,-1.852371041
