method,,hf,hf,hf,MP2,MP2,MP2,CCSD,CCSD,CCSD,CCSD\(T\),CCSD\(T\),CCSD\(T\)
component,,XX,YY,ZZ,XX,YY,ZZ,XX,YY,ZZ,XX,YY,ZZ
molecule,basis,,,,,,,,,,,,
AlF,5Z,0.728543059250322,0.728543059250322,1.7621938046684607,0.0,0.0,0.0,0.0,0.0,0.0,0.0,0.0,0.0
AlF,QZ,0.7286195926077051,0.7286195926077051,1.76222971970599,0.7314701510087812,0.7314701510087812,1.7523136746754397,0.7283517706521532,0.7283517706521532,1.7524498841911726,0.72993208653539,0.72993208653539,1.7510654172559652
AlF,TZ,0.7291782744918482,0.7291782744918482,1.7623955789783385,0.7334373896848867,0.7334373896848867,1.753415885716737,0.730297845206577,0.730297845206577,1.753317304912044,0.7319283007387601,0.7319283007387601,1.7520994210903864
AlF,CBS,0.728543059250322,0.728543059250322,1.7621938046684607,0.7303657518842904,0.7303657518842904,1.7515944759146236,0.7272628156164571,0.7272628156164571,1.751902018907424,0.7288065431072196,0.7288065431072196,1.7503959913217884
Ar,5Z,0.6943992145772888,0.6943992145772888,0.6943992145772888,0.6938645337196355,0.6938645337196355,0.6938645337196355,0.6929291211032922,0.6929291211032922,0.6929291211032922,0.693341899779145,0.693341899779145,0.693341899779145
Ar,QZ,0.694476536916675,0.694476536916675,0.694476536916675,0.694382773943698,0.694382773943698,0.694382773943698,0.6934440546059526,0.6934440546059526,0.6934440546059526,0.6938845501713995,0.6938845501713995,0.6938845501713995
Ar,TZ,0.6947976299094419,0.6947976299094419,0.6947976299094419,0.6956277704724935,0.6956277704724935,0.6956277704724935,0.695000555015371,0.695000555015371,0.695000555015371,0.6954660269949697,0.6954660269949697,0.6954660269949697
Ar,CBS,0.6943992145772888,0.6943992145772888,0.6943992145772888,0.6934019313488277,0.6934019313488277,0.6934019313488277,0.6924699880795291,0.6924699880795291,0.6924699880795291,0.69285368674007,0.69285368674007,0.69285368674007
BeH,5Z,0.9891489938325773,0.9891489938325773,1.6465446962486627,0.9901421947332357,0.9901421947332357,1.6340304031497523,0.9930617176379146,0.9930617176379146,1.6273621612907232,0.9939525028217744,0.9939525028217744,1.6261185256165351
BeH,QZ,0.9891264445863329,0.9891264445863329,1.646741656796379,0.9903946519394309,0.9903946519394309,1.6346673285258884,0.9933033654463264,0.9933033654463264,1.6278296711211742,0.9941889048949034,0.9941889048949034,1.6265945789454386
BeH,TZ,0.989517225448855,0.989517225448855,1.6473932870890393,0.9919332494989669,0.9919332494989669,1.639043844879562,0.9949932568468435,0.9949932568468435,1.6299185786328636,0.9958722729178535,0.9958722729178535,1.628873315669377
BeH,CBS,0.9891489938325773,0.9891489938325773,1.6465446962486627,0.9898536633732992,0.9898536633732992,1.6335688007068203,0.9927845272854886,0.9927845272854886,1.627078306305559,0.9936808161916122,0.9936808161916122,1.6258257069608635
BeH2,5Z,0.9016951014154766,0.9016951014154766,1.9001487043807774,0.9002923383608241,0.9002923383608241,1.8905698755547324,0.9011758783500089,0.9011758783500089,1.8879497976754978,0.901767504455055,0.901767504455055,1.8871242054776762
BeH2,QZ,0.9017019724942383,0.9017019724942383,1.9001258799818008,0.9006717653699997,0.9006717653699997,1.8910458633335068,0.9014763620040716,0.9014763620040716,1.8882653698864154,0.9020724100476277,0.9020724100476277,1.8874597838331995
BeH2,TZ,0.9020523281107367,0.9020523281107367,1.900504077512932,0.902234060596583,0.902234060596583,1.8931599166490227,0.903037265243236,0.903037265243236,1.890232645025026,0.9036368947098575,0.9036368947098575,1.889498464642435
BeH2,CBS,0.9016951014154766,0.9016951014154766,1.9001487043807774,0.8999014600076031,0.8999014600076031,1.8900465316305348,0.9008678258119882,0.9008678258119882,1.8875947586093793,0.9014548125061387,0.9014548125061387,1.886748176358201
BF,5Z,0.7434599283754304,0.7434599283754304,1.447236320041328,0.7503671762964849,0.7503671762964849,1.4388822216228512,0.7454462913040215,0.7454462913040215,1.4348287140899176,0.7472479262132974,0.7472479262132974,1.433512774846186
BF,QZ,0.7436170582362941,0.7436170582362941,1.4472531791133751,0.7509262189581729,0.7509262189581729,1.4391187702351909,0.7459755091125042,0.7459755091125042,1.4350128140564449,0.7477758689653027,0.7477758689653027,1.4337400604631532
BF,TZ,0.744002599928253,0.744002599928253,1.4475095316756021,0.7523754124301677,0.7523754124301677,1.4400679221163828,0.7475035830657779,0.7475035830657779,1.4358292548018936,0.7492931218195952,0.7492931218195952,1.4346879036726383
BF,CBS,0.7434599283754304,0.7434599283754304,1.447236320041328,0.7499454972923413,0.7499454972923413,1.4386517276789377,0.7450559039491426,0.7450559039491426,1.4346532482334138,0.7468588766225914,0.7468588766225914,1.4332919994547944
BH2,5Z,0.8359390123089124,1.0905730714667443,1.4378513930766879,0.8387327059940306,1.087688718440975,1.4328626510268383,0.8391498991369839,1.0858849503133456,1.4318054338640835,0.8401324632811757,1.0862106075040927,1.4317455680378406
BH2,QZ,0.836059706719562,1.0907264510618686,1.4378513930766879,0.8391711789407346,1.088280905724524,1.4333909671959222,0.8395796465771294,1.0864016674803696,1.4322019817539178,0.8405659572263974,1.0867406886712387,1.432162082532466
BH2,TZ,0.8365550065596404,1.091257026975242,1.4379067929016025,0.8406296874843185,1.0902236397333114,1.4350071033034344,0.8412030425128858,1.0882918709741662,1.4337447304779434,0.8421704891307913,1.088676232477731,1.4337646582071508
BH2,CBS,0.8359390123089124,1.0905730714667443,1.4378513930766879,0.8383992990053833,1.0872283300465622,1.4323083520953404,0.8388256467781685,1.0855037436805328,1.4313893836190115,0.8398042801629362,1.0858153796252503,1.4313085692238074
BH2F,5Z,0.7046298560680636,1.0430242025453431,1.6194996250318225,0.0,0.0,0.0,0.0,0.0,0.0,0.0,0.0,0.0
BH2F,QZ,0.7046990956562595,1.0431066178256176,1.6195354901203813,0.7121890971387838,1.0447526543622332,1.6186030207567472,0.7096131370210264,1.0426867228020957,1.6178185792423279,0.7111286330013518,1.0434551880506446,1.6178886097878054
BH2F,TZ,0.7050451916012193,1.0432424774508795,1.6196948387701133,0.713364081489576,1.0460350678055836,1.6194399748237602,0.7110099734913825,1.0440330365433872,1.6186717408126354,0.7125115338135218,1.0448289257333554,1.6187770443460803
BH2F,CBS,0.7046298560680636,1.0430242025453431,1.6194996250318225,0.7115149930382235,1.0438335646741643,1.6180726868501725,0.7087771408332167,1.0417210031668807,1.6172764182387545,0.710302806077624,1.0424694563500696,1.6173207090362558
BH3,5Z,1.3505532438025574,1.35053640360275,0.8129889624096996,1.3457691446399667,1.3457511138110294,0.8138917667394288,1.3446796406515957,1.3446592712025764,0.8133271521954407,1.3447028802242729,1.344684835097836,0.8141182706197019
BH3,QZ,1.3505842089659237,1.350563928570673,0.8130404013101071,1.3462427688571765,1.3462224230595687,0.8142794722780099,1.3450491022896214,1.3450310618081485,0.8136690404509458,1.3450862752000117,1.3450682352162884,0.8144675005568908
BH3,TZ,1.3506426967820209,1.3506224172649994,0.8134917809664705,1.3476951060787203,1.3476794198241924,0.8157058677538662,1.3464261374050501,1.34640579437836,0.815169345161776,1.3465212935182143,1.3465032727611932,0.8159701669650696
BH3,CBS,1.3505532438025574,1.35053640360275,0.8129889624096996,1.345304715468721,1.3452855040739893,0.8135389623977384,1.3443244968093302,1.3442980744679938,0.8130224184458301,1.3443331177981772,1.3443114578907231,0.8138058341220952
BO,5Z,0.7674295831390155,0.7674295831390155,1.3413489885212446,0.0,0.0,0.0,0.0,0.0,0.0,0.0,0.0,0.0
BO,QZ,0.7675599859043842,0.7675599859043842,1.3414077733597236,0.7722699997559413,0.7722699997559413,1.3463525243732004,0.7707569872603262,0.7707569872603262,1.3443075837900107,0.7718963845825562,0.7718963845825562,1.3459520051821356
BO,TZ,0.7678281733815591,0.7678281733815591,1.3416500658607158,0.7736756639050786,0.7736756639050786,1.3473871217014302,0.7723048612868769,0.7723048612868769,1.3454676232653073,0.7734718144839563,0.7734718144839563,1.3471266922920668
BO,CBS,0.7674295831390155,0.7674295831390155,1.3413489885212446,0.7713095464461677,0.7713095464461677,1.3457155711472777,0.7696927591751426,0.7696927591751426,1.3435790917000123,0.7708120481562662,0.7708120481562662,1.3452128242776742
BS,5Z,0.8297219171505595,0.8297219171505595,1.5018979561319987,0.825941681326423,0.825941681326423,1.5007436518530959,0.8232766338494422,0.8232766338494422,1.5045358765907295,0.8228427121808768,0.8228427121808768,1.5065562845648268
BS,QZ,0.8298264503898792,0.8298264503898792,1.501873254123678,0.8266058805485913,0.8266058805485913,1.5301387515460778,0.8239010795624464,0.8239010795624464,1.505007796890197,0.8235094108635556,0.8235094108635556,1.5070478589532452
BS,TZ,0.8300930571929873,0.8300930571929873,1.5020053856703857,0.8281857108464794,0.8281857108464794,1.5029013328359515,0.825633172983528,0.825633172983528,1.5065338419222367,0.8253490703672032,0.8253490703672032,1.5086252430926184
BS,CBS,0.8297219171505595,0.8297219171505595,1.5018979561319987,0.8253544907870408,0.8253544907870408,1.4698769746582865,0.8227311519098387,0.8227311519098387,1.5040148302350174,0.8222528992566968,0.8222528992566968,1.506014617525625
C2H,5Z,0.8604983088706396,0.8604983088706396,1.5450047412841386,0.0,0.0,0.0,0.0,0.0,0.0,0.0,0.0,0.0
C2H,QZ,0.8606677705801378,0.8606677705801378,1.5450159297275894,0.8704205760802056,0.8704205760802056,1.5476203092317535,0.8555549345147543,0.8555549345147543,1.557354085215412,0.8557976578948979,0.8557976578948979,1.558395939988949
C2H,TZ,0.8611659940988774,0.8611659940988774,1.544931179496808,0.8717098925086013,0.8717098925086013,1.5487394912303394,0.8571628179805713,0.8571628179805713,1.5583181952631986,0.8575486202263042,0.8575486202263042,1.5593618723825489
C2H,CBS,0.8604983088706396,0.8604983088706396,1.5450047412841386,0.869673830355553,0.869673830355553,1.5467305756479537,0.8545757209519834,0.8545757209519834,1.5565775122443575,0.8547140354302106,0.8547140354302106,1.5576180371979769
C2H2,5Z,0.8627929397022208,0.8627929397022208,1.6954770575333025,0.0,0.0,0.0,0.0,0.0,0.0,0.0,0.0,0.0
C2H2,QZ,0.8628852607965906,0.8628852607965906,1.6954864540661438,0.8516293718049591,0.8516293718049591,1.702349096609828,0.850718863343862,0.850718863343862,1.7002813653046076,0.8507608436748492,0.8507608436748492,1.7016975600984399
C2H2,TZ,0.8632667499098989,0.8632667499098989,1.6954175449492628,0.8533533133068204,0.8533533133068204,1.703230005467343,0.8522728537536407,0.8522728537536407,1.7012683120027634,0.8524257926331273,0.8524257926331273,1.7027099048631862
C2H2,CBS,0.8627929397022208,0.8627929397022208,1.6954770575333025,0.8505574232919156,0.8505574232919156,1.7016465896632382,0.8497709331953113,0.8497709331953113,1.6995014793932257,0.8497319437746906,0.8497319437746906,1.7008991404627893
CH2BH,5Z,0.9402491694758364,1.0287182381032587,1.9038799020678723,0.0,0.0,0.0,0.0,0.0,0.0,0.0,0.0,0.0
CH2BH,QZ,0.9404016537629015,1.028723400388206,1.9038757180677448,0.9306629498258319,1.0283796688143254,1.9037158432276153,0.9275897815166477,1.026095452964891,1.9033700685457247,0.9274530882704544,1.0267304671136575,1.9040557462955174
CH2BH,TZ,0.940737596702715,1.0287363059872403,1.9039292763015343,0.9326639821318703,1.0296725021895299,1.9047836680861852,0.9293860997396657,1.0273894226108724,1.9044655119996277,0.9293880211307554,1.028084432040653,1.9051886408848402
CH2BH,CBS,0.9402491694758364,1.0287182381032587,1.9038799020678723,0.9292954003255754,1.0274405051792,1.902979886717768,0.9263716179688658,1.0251554601591983,1.9026139579257693,0.9261337735008712,1.0257466939677655,1.903272306468634
CH2-t,5Z,0.8730585360243608,1.2005624311581593,0.911002567751489,0.8789133824008564,1.1990483195872548,0.9145921250099089,0.8765243733407067,1.1993453938877459,0.9131537524034221,0.877621775102573,1.199882025824206,0.9140634465264244
CH2-t,QZ,0.8734523018173345,1.2004927608209015,0.911119274086579,0.8795602512511036,1.1994417969249105,0.9149900999838027,0.8772050666565718,1.1996528143679417,0.9135450444136476,0.878298059904116,1.2002023275786569,0.9144472008890422
CH2-t,TZ,0.8741383072560658,1.2004385699853157,0.9114328596407972,0.8811115082315724,1.2006917293799315,0.9161946063110945,0.8789276044139641,1.20089992497534,0.9148488146770148,0.8800113560876616,1.2014956854211931,0.915756661388317
CH2-t,CBS,0.8730585360243608,1.2005624311581593,0.911002567751489,0.8786478316522415,1.1985623941578374,0.9142970234872296,0.8762233346281647,1.1989497576202535,0.9128656625147553,0.8773253617165331,1.1994728747771675,0.9137832649893459
CH3,5Z,1.1350807355454942,1.135060960166696,0.8637013599811763,0.0,0.0,0.0,0.0,0.0,0.0,0.0,0.0,0.0
CH3,QZ,1.1350552630676671,1.13503548724507,0.8641077548289655,1.1353806727411795,1.135358519824013,0.8701188222020734,1.1345926054255266,1.1345728854304304,0.8661992832638589,1.1352485505606211,1.135228841961649,0.8673625932742786
CH3,TZ,1.1350916521467183,1.135071876958111,0.8646095082688421,1.1365617491584812,1.1365396192640598,0.8715988450206412,1.1358087408568152,1.1357865962906286,0.8678108360885243,1.1364957586414692,1.1364760716713944,0.8689719886862117
CH3,CBS,1.1350807355454942,1.135060960166696,0.8637013599811763,1.1345708328370399,1.1345486640259321,0.8689985551049688,1.133757181916586,1.1337392321095363,0.8649830348109534,1.1343904524155153,1.1343707289397338,0.8661479191495831
CH4,5Z,1.0897432911872484,1.0897432911872484,1.0897432911872484,0.0,0.0,0.0,0.0,0.0,0.0,0.0,0.0,0.0
CH4,QZ,1.0898012808662028,1.0898012808662028,1.0898012808662028,1.0899835556274733,1.0899835556274733,1.0899835556274733,1.0884756066582066,1.0884756066582066,1.0884756066582066,1.0891345869924989,1.0891345869924989,1.0891345869924989
CH4,TZ,1.089937714999172,1.089937714999172,1.089937714999172,1.091164128649217,1.091164128649217,1.091164128649217,1.0896853447226125,1.0896853447226125,1.0896853447226125,1.0903779862561152,1.0903779862561152,1.0903779862561152
CH4,CBS,1.0897432911872484,1.0897432911872484,1.0897432911872484,1.0891636267594131,1.0891636267594131,1.0891636267594131,1.0876343951914473,1.0876343951914473,1.0876343951914473,1.0882688119479373,1.0882688119479373,1.0882688119479373
ClF,5Z,0.7045339746352796,0.7045339746352796,1.6148830508204044,0.0,0.0,0.0,0.0,0.0,0.0,0.0,0.0,0.0
ClF,QZ,0.7047206523810039,0.7047206523810039,1.6149237807374168,0.7073697427770763,0.7073697427770763,1.6138652371215934,0.7049814683221544,0.7049814683221544,1.6138725755753198,0.7057870861538048,0.7057870861538048,1.6137555772448668
ClF,TZ,0.7052134874877362,0.7052134874877362,1.615095051049908,0.7087521770207303,0.7087521770207303,1.6144826918340625,0.706570012071778,0.7065686512134491,1.6145822909148124,0.7073982878581924,0.7073982878581924,1.6145024228611462
ClF,CBS,0.7045339746352796,0.7045339746352796,1.6148830508204044,0.7065338980935982,0.7065338980935982,1.6134989131829753,0.7039952194045903,0.7039962124633709,1.6134389263142794,0.7047843030530347,0.7047843030530347,1.613294832916982
CN,5Z,0.7942329130531692,0.7942329130531692,1.3449231878160128,0.8045406448268904,0.8045406448268904,1.3301664147620724,0.7918315194779677,0.7918315194779677,1.3438847571236394,0.7924287416496,0.7924287416496,1.3452860478631807
CN,QZ,0.7944129108147922,0.7944129108147922,1.344927490292472,0.8049540576080643,0.8049564466586135,1.3306168196878556,0.7923413714035806,0.7923413714035806,1.3442121060640568,0.7929818630188318,0.7929818630188318,1.345596522888084
CN,TZ,0.7947080188878274,0.7947080188878274,1.3451762276536139,0.8058780917580451,0.8058780917580451,1.3319041369663023,0.7936024521342347,0.7936024521342347,1.3453473030384955,0.7943557186726161,0.7943581395979163,1.3467082684390344
CN,CBS,0.7942329130531692,0.7942329130531692,1.3449231878160128,0.8042957503801483,0.8042932438353098,1.3296983728480274,0.7914854429780438,0.7914854429780438,1.3435458231286668,0.7920372677006333,0.7920372677006333,1.3449648176484197
CO,5Z,0.7363760176703205,0.7363760176703205,1.328403030061482,0.0,0.0,0.0,0.0,0.0,0.0,0.0,0.0,0.0
CO,QZ,0.7365130279227924,0.7365130279227924,1.3284592129315345,0.7398364799451704,0.7398364799451704,1.3150287180070945,0.7371039928852992,0.7371039928852992,1.3238017991937143,0.7378497801577735,0.7378497801577735,1.3211711127804275
CO,TZ,0.7367076828702142,0.7367076828702142,1.328857609545577,0.7410037727622542,0.7410037727622542,1.3158997107803385,0.7383626765703213,0.7383626765703213,1.3261847475434942,0.7391361857725298,0.7391361857725298,1.3234633842122616
CO,CBS,0.7363760176703205,0.7363760176703205,1.328403030061482,0.7389897069229452,0.7389897069229452,1.3146276676695168,0.7361905292297134,0.7361905292297134,1.3222974299219077,0.7369160869858953,0.7369160869858953,1.3197329131514461
CO2,5Z,0.7073445871098728,0.7073445871098728,2.0445844390158006,0.0,0.0,0.0,0.0,0.0,0.0,0.0,0.0,0.0
CO2,QZ,0.7074496874786478,0.7074496874786478,2.0446067526960046,0.7103733887279635,0.7103733887279635,2.0373718562528778,0.7083469113510816,0.7083469113510816,2.039189901926565,0.7089594699483214,0.7089594699483214,2.0381096397472427
CO2,TZ,0.7075762649226006,0.7075762649226006,2.0448802820974654,0.7113549101418948,0.7113549101418948,2.0379607661784696,0.7094497767155655,0.7094497767155655,2.039728147125289,0.7100933906930174,0.7100933906930174,2.038697221759421
CO2,CBS,0.7073445871098728,0.7073445871098728,2.0445844390158006,0.7096444103270421,0.7096444103270421,2.0371194000280375,0.7075293846619192,0.7075293846619192,2.0389744172591686,0.70811928122495,0.70811928122495,2.037858152540299
F2,5Z,0.6253781376051168,0.6253781376051168,1.461678781631879,0.6326843827707391,0.6326843827707391,1.4666656525104818,0.6309345556855239,0.6309345556855239,1.463076024269796,0.6322166247314276,0.6322166247314276,1.4629526106825932
F2,QZ,0.625896390911112,0.625896390911112,1.4616053087028693,0.6334237450622368,0.6334237450622368,1.4666845918270495,0.6317265351013149,0.6317265351013149,1.4631310823556212,0.6329850585655428,0.6329850585655428,1.4630228627714723
F2,TZ,0.626737226626031,0.626737226626031,1.461608134653049,0.6347554902421556,0.6347554902421556,1.466920365824358,0.6332921710158115,0.6332921710158115,1.4634737249231597,0.6344994341023547,0.6344994341023547,1.4634101380428468
F2,CBS,0.6253781376051168,0.6253781376051168,1.461678781631879,0.632452399572835,0.632452399572835,1.4665686954003678,0.6306473676359021,0.6306473676359021,1.4629411720575103,0.6319541402429083,0.6319541402429083,1.4628018172212016
FCN,5Z,0.7183126324936796,0.7183126324936796,2.10494422780997,0.0,0.0,0.0,0.0,0.0,0.0,0.0,0.0,0.0
FCN,QZ,0.7184796297074437,0.7184796297074437,2.1049679022138013,0.7167213243566039,0.7167213243566039,2.103104089834828,0.7158011405863661,0.7158011405863661,2.102507014595763,0.716488217175326,0.716488217175326,2.1021171688635816
FCN,TZ,0.7187335792369293,0.7187335792369293,2.1051428662500493,0.7179126342612813,0.7179126342612813,2.103630213995839,0.7170336008690191,0.7170336008690191,2.1030000476427264,0.7177685782459836,0.7177685782459836,2.102647735559652
FCN,CBS,0.7183126324936796,0.7183126324936796,2.10494422780997,0.7158703074095916,0.7158703074095916,2.102824163448062,0.7149200949851555,0.7149200949851555,2.102251235778707,0.7155722169450308,0.7155722169450308,2.101834000626907
H,5Z,1.0000626282388518,1.0000626282388518,1.0000626282388518,1.0000757958108828,1.0000757958108828,1.0000757958108828,1.0000757958108828,1.0000757958108828,1.0000757958108828,1.0000757958108828,1.0000757958108828,1.0000757958108828
H,QZ,1.0005457413331986,1.0005457413331986,1.0005457413331986,1.00055064783539,1.00055064783539,1.00055064783539,1.00055064783539,1.00055064783539,1.00055064783539,1.00055064783539,1.00055064783539,1.00055064783539
H,TZ,1.0013999089274974,1.0013999089274974,1.0013999089274974,1.001374855645637,1.001374855645637,1.001374855645637,1.001374855645637,1.001374855645637,1.001374855645637,1.001374855645637,1.001374855645637,1.001374855645637
H,CBS,1.0000626282388518,1.0000626282388518,1.0000626282388518,1.0000844631628456,1.0000844631628456,1.0000844631628456,1.0000844631628456,1.0000844631628456,1.0000844631628456,1.0000844631628456,1.0000844631628456,1.0000844631628456
H2,5Z,0.8816491385466216,0.8816491385466216,1.010398766609256,0.8752720854447782,0.8752720854447782,1.0102267394320863,0.8730699957105359,0.8730699957105359,1.0122045600826979,0.8730699957105359,0.8730699957105359,1.0122045600826979
H2,QZ,0.8820285328718114,0.8820285328718114,1.010398766609256,0.8759287787233473,0.8759287787233473,1.010560768158664,0.8736711160884619,0.8736711160884619,1.0124638622144915,0.8736711160884619,0.8736711160884619,1.0124638622144915
H2,TZ,0.8831867835005233,0.8831867835005233,1.0103619746731891,0.8777819949091402,0.8777819949091402,1.0114633305543985,0.8754577226103855,0.8754577226103855,1.0132413704570222,0.8754577226103855,0.8754577226103855,1.0132413704570222
H2,CBS,0.8816491385466216,0.8816491385466216,1.010398766609256,0.874981148837954,0.874981148837954,1.009876283063218,0.8728373650978289,0.8728373650978289,1.0119325053870456,0.8728373650978289,0.8728373650978289,1.0119325053870456
H2CN,5Z,0.7984960627162374,0.98043208348031,1.5451728625902788,0.0,0.0,0.0,0.0,0.0,0.0,0.0,0.0,0.0
H2CN,QZ,0.7986822603346924,0.9804598879934906,1.5451806613266756,0.8037999534854927,0.9825658978361134,1.54103636627271,0.7953559016732229,0.9810618765104813,1.5439604672491998,0.7959591772563276,0.9819346931476287,1.5445106641030626
H2CN,TZ,0.7989366602345062,0.9805281320921946,1.545290000005577,0.8048960811025874,0.983727137252842,1.542028273735523,0.7966435925790497,0.9822910682307926,1.5449139705698232,0.7973274204118888,0.9832034778825312,1.5454936148423752
H2CN,CBS,0.7984960627162374,0.98043208348031,1.5451728625902788,0.8029995221274003,0.9817405021449147,1.5403845308561612,0.7944156808882179,0.9801868940031547,1.5433366564769517,0.7949601750998948,0.9810308184404655,1.543865364673933
H2O,5Z,0.7492709239454044,0.8511848111644568,0.8087491140465854,0.7614827155669833,0.8581768263568271,0.8183999995197219,0.7556857230714588,0.8560913850707355,0.8143688657181468,0.7575855837102635,0.8575356922836461,0.8160781143475866
H2O,QZ,0.7493899865557319,0.8512983535618238,0.808814220307882,0.7619422072698333,0.8587185026462969,0.8188467023681114,0.756221471098763,0.8566227063549331,0.814826357571893,0.7581166914996744,0.858077773300075,0.8165413231450863
H2O,TZ,0.7496627670492914,0.8515166617730224,0.8090620368189152,0.7630700688492469,0.8599752730345629,0.8199524049848612,0.7576020833419511,0.8580661192460738,0.8161552125281542,0.7594839835369539,0.8595478282542307,0.817866263154797
H2O,CBS,0.7492709239454044,0.8511848111644568,0.8087491140465854,0.7611255440600745,0.857727636699539,0.817999635887362,0.7552485449290569,0.8556530596812738,0.8139571824736095,0.757153274014176,0.8570860779947944,0.8156604329981275
HBO,5Z,0.7609161155147129,0.7609161155147129,1.5962208675813163,0.0,0.0,0.0,0.0,0.0,0.0,0.0,0.0,0.0
HBO,QZ,0.7610138173844152,0.7610138173844152,1.59625202059972,0.7669030088941227,0.7669030088941227,1.5988871348341405,0.7631613301937429,0.7631613301937429,1.5967004060068248,0.7642859908352804,0.7642859908352804,1.597598939042885
HBO,TZ,0.761261505200414,0.761261505200414,1.5963612037237105,0.768256988118897,0.768256988118897,1.599782180384023,0.7646807491897142,0.7646807491897142,1.597663927262949,0.7658334915059608,0.7658334915059608,1.5986080450179576
HBO,CBS,0.7609161155147129,0.7609161155147129,1.5962208675813163,0.7659980132936923,0.7659980132936923,1.5982825146400859,0.7621356082737905,0.7621356082737905,1.5960458170541616,0.763239776882432,0.763239776882432,1.5969110855655837
HCCF,5Z,0.7623800122463386,0.7623800122463386,2.2382421451949566,0.0,0.0,0.0,0.0,0.0,0.0,0.0,0.0,0.0
HCCF,QZ,0.7625440064022535,0.7625440064022535,2.238253393096052,0.7587945053771399,0.7587945053771399,2.2401183706486796,0.7572669203158211,0.7572669203158211,2.2391604591133993,0.7578594311036375,0.7578594311036375,2.2396048922356626
HCCF,TZ,0.762898467848412,0.762898467848412,2.23836822015339,0.7602442881324969,0.7602442881324969,2.2410522821079404,0.7587061422386973,0.7587061422386973,2.2399844963947366,0.7593648740010435,0.7593648740010435,2.240446794215381
HCCF,CBS,0.7623800122463386,0.7623800122463386,2.2382421451949566,0.7578312226982963,0.7578312226982963,2.2395094125083435,0.7563113441904095,0.7563113441904095,2.2386316794272236,0.7568555315643798,0.7568555315643798,2.2390630761479655
HCN,5Z,0.7974374578611165,0.7974374578611165,1.5074574872537325,0.0,0.0,0.0,0.0,0.0,0.0,0.0,0.0,0.0
HCN,QZ,0.7975606494493068,0.7975606494493068,1.5074520234599282,0.7898356044540059,0.7898356044540059,1.5140435753653516,0.789580084598625,0.789580084598625,1.5116126148996802,0.7898672560292763,0.7898672560292763,1.5127992810409865
HCN,TZ,0.7977237657861274,0.7977237657861274,1.5075147156495234,0.7911503376830701,0.7911503376830701,1.5148265182744027,0.7908026656079955,0.7908026656079955,1.5124027198654526,0.7911796796289989,0.7911796796289989,1.5136347776746788
HCN,CBS,0.7974374578611165,0.7974374578611165,1.5074574872537325,0.7888720437822865,0.7888720437822865,1.5135234507963098,0.7886837701412767,0.7886837701412767,1.5110872639649229,0.7889053807627521,0.7889053807627521,1.512240806456666
He,5Z,0.6285568214568991,0.6285568214568991,0.6285568214568991,0.6297425135567759,0.6297425135567759,0.6297425135567759,0.6310115973065529,0.6310115973065529,0.6310115973065529,0.6310115973065529,0.6310115973065529,0.6310115973065529
He,QZ,0.6287046580470038,0.6287046580470038,0.6287046580470038,0.6300798632389568,0.6300798632389568,0.6300798632389568,0.6313482688777201,0.6313482688777201,0.6313482688777201,0.6313482688777201,0.6313482688777201,0.6313482688777201
He,TZ,0.6290297762427467,0.6290297762427467,0.6290297762427467,0.6309917875033726,0.6309917875033726,0.6309917875033726,0.6322385929469081,0.6322385929469081,0.6322385929469081,0.6322385929469081,0.6322385929469081,0.6322385929469081
He,CBS,0.6285568214568991,0.6285568214568991,0.6285568214568991,0.629543680148696,0.629543680148696,0.629543680148696,0.6308134753592086,0.6308134753592086,0.6308134753592086,0.6308134753592086,0.6308134753592086,0.6308134753592086
HF,5Z,0.6501396342632866,0.6501396342632866,0.7258723136528727,0.6604208480943721,0.6604208480943721,0.7348287569213813,0.6563883668309672,0.6563883668309672,0.7326068435961125,0.6578796935969716,0.6578796935969716,0.7340731388530296
HF,QZ,0.6503968855168358,0.6503968855168358,0.7259461246030557,0.6609052107647219,0.6609052107647219,0.7352442017231898,0.6569708435963707,0.6569708435963707,0.7330469223028845,0.658445663998443,0.658445663998443,0.7345156478318268
HF,TZ,0.6507682911298,0.6507682911298,0.726293697643171,0.6618766498914752,0.6618766498914752,0.7230641869222537,0.6582216131065228,0.6582216131065228,0.7210421719657019,0.6596595295938882,0.6596595295938882,0.7226387876642227
HF,CBS,0.6501396342632866,0.6501396342632866,0.7258723136528727,0.6601825672636306,0.6601825672636306,0.7344703214049216,0.6560471466218087,0.6560471466218087,0.7322225626711667,0.6575557915401353,0.6575557915401353,0.7336863081344835
HNC,5Z,0.8039835352169844,0.8039835352169844,1.4916590202082707,0.0,0.0,0.0,0.0,0.0,0.0,0.0,0.0,0.0
HNC,QZ,0.8040760040568304,0.8040760040568304,1.4916729613081792,0.8027370325656099,0.8027370325656099,1.4954363955554153,0.8005272516580219,0.8005272516580219,1.4929825359832012,0.8010334551261336,0.8010334551261336,1.4940655351521615
HNC,TZ,0.8042906228783225,0.8042906228783225,1.4917923354116427,0.8040684253128867,0.8040684253128867,1.4963593350417823,0.8018511785922204,0.8018511785922204,1.4939893281717858,0.8024144100634768,0.8024144100634768,1.4951118441934395
HNC,CBS,0.8039835352169844,0.8039835352169844,1.4916590202082707,0.8018296205907318,0.8018296205907318,1.4948360689058204,0.7996252877089035,0.7996252877089035,1.49232101952388,0.8000898761476934,0.8000898761476934,1.4933751820706045
LiBH4,5Z,1.2077509676696538,1.207743007390095,1.8168695040150606,0.0,0.0,0.0,0.0,0.0,0.0,0.0,0.0,0.0
LiBH4,QZ,1.2077920061722762,1.2077840461631946,1.8168886265892503,1.2058903416207576,1.2058806865448846,1.8174014091582689,1.2045160898560223,1.2045098829980883,1.816312294337842,1.2050002818480228,1.2049923485629337,1.8168667000154235
LiBH4,TZ,1.2079843555686687,1.2079763968270811,1.816940483112258,1.2073493094262142,1.207339666018909,1.8181766455181259,1.2059629000485055,1.2059532455547755,1.8170657880411252,1.206510402663822,1.2065024793096693,1.8176434824790306
LiBH4,CBS,1.2077509676696538,1.207743007390095,1.8168695040150606,1.2049250140088181,1.204915351072495,1.816854414811243,1.2035596340157122,1.2035559436545666,1.8157811662537215,1.2039976263636711,1.2039896864861335,1.8163185774305262
Mg,5Z,0.0,0.0,0.0,0.0,0.0,0.0,0.0,0.0,0.0,0.0,0.0,0.0
Mg,QZ,0.9069806673840041,0.9069806673840041,0.9069806673840041,0.8865342192561395,0.8865342192561395,0.8865342192561395,0.8862333709188568,0.8862333709188568,0.8862333709188568,0.8850689715690111,0.8850689715690111,0.8850689715690111
Mg,TZ,0.9070558059595893,0.9070558059595893,0.9070558059595893,0.8893567506433989,0.8893567506433989,0.8893567506433989,0.8883230983099906,0.8883230983099906,0.8883230983099906,0.88738919928526,0.88738919928526,0.88738919928526
Mg,CBS,0.9069806673840041,0.9069806673840041,0.9069806673840041,0.8845293650422151,0.8845293650422151,0.8845293650422151,0.88476326556697,0.88476326556697,0.88476326556697,0.8834306632771755,0.8834306632771755,0.8834306632771755
Mg2,5Z,0.0,0.0,0.0,0.0,0.0,0.0,0.0,0.0,0.0,0.0,0.0,0.0
Mg2,QZ,0.9000428045908891,0.9000428045908891,3.794186337868436,0.8824523086545342,0.8824523086545342,3.7856980861376672,0.8822705045495688,0.8822705045495688,3.7859702084580924,0.8814436496676096,0.8814436496676096,3.785200015854315
Mg2,TZ,0.9001443337182099,0.9001443337182099,3.7941728661699106,0.885171358961292,0.885171358961292,3.7866274586522644,0.8843554615780559,0.8843554615780559,3.7865922467987647,0.8837792885064617,0.8837792885064617,3.7859559012004693
Mg2,CBS,0.9000428045908891,0.9000428045908891,3.794186337868436,0.8805422256317017,0.8805422256317017,3.785010064684848,0.8808231382433123,0.8808231382433123,3.785506457888948,0.8798133533916273,0.8798133533916273,3.7846385931460347
N,5Z,0.7583959574654918,0.7583959574654918,0.7583959574654918,0.7611041299379638,0.7611041299379638,0.7611041299379638,0.7612261235605939,0.7612261235605939,0.7612261235605939,0.7620045455062686,0.7620045455062686,0.7620045455062686
N,QZ,0.7586969985442146,0.7586969985442146,0.7586969985442146,0.761681081189513,0.761681081189513,0.761681081189513,0.7618029824203167,0.7618029824203167,0.7618029824203167,0.7625808155242406,0.7625808155242406,0.7625808155242406
N,TZ,0.7592707460451773,0.7592707460451773,0.7592707460451773,0.7629881583420604,0.7629881583420604,0.7629881583420604,0.763166009969145,0.763166009969145,0.763166009969145,0.763937780244052,0.763937780244052,0.763937780244052
N,CBS,0.7583959574654918,0.7583959574654918,0.7583959574654918,0.7608146504123754,0.7608146504123754,0.7608146504123754,0.7609367409706922,0.7609367409706922,0.7609367409706922,0.7617157807175481,0.7617157807175481,0.7617157807175481
N2,5Z,0.7425092987969916,0.7425092987969916,1.3012616275076123,0.7366629455091999,0.7366629455091999,1.3050454850035187,0.7369804293039407,0.7369804293039407,1.30279539890873,0.7373607450606828,0.7373631668238376,1.3034928889198636
N2,QZ,0.7427703069926799,0.7427703069926799,1.3012963162069429,0.7373050422782461,0.7373050422782461,1.3053410082175814,0.737583514126771,0.737583514126771,1.3030886916687743,0.7379901362950348,0.7379901362950348,1.3037983514736695
N2,TZ,0.7431812983384337,0.7431812983384337,1.3013983364342216,0.7387108559406911,0.7387108559406911,1.3059933850848047,0.7389767157711443,0.7389767157711443,1.3038449179545069,0.7394429479485285,0.7394429479485285,1.304576067530857
N2,CBS,0.7425092987969916,0.7425092987969916,1.3012616275076123,0.7362631148748571,0.7362631148748571,1.3047718225618326,0.7366215292361196,0.7366215292361196,1.3025240766155222,0.7369742448233964,0.7369792074528119,1.3032087983184468
Na,5Z,0.0,0.0,0.0,0.0,0.0,0.0,0.0,0.0,0.0,0.0,0.0,0.0
Na,QZ,0.906892790822297,0.906892790822297,0.906892790822297,0.8922679982074523,0.8922679982074523,0.8922679982074523,0.8922883750910262,0.8922883750910262,0.8922883750910262,0.8915060782403741,0.8915060782403741,0.8915060782403741
Na,TZ,0.9071386995633328,0.9071386995633328,0.9071386995633328,0.8949181816439153,0.8949181816439153,0.8949181816439153,0.89517464411628,0.89517464411628,0.89517464411628,0.8946464035654139,0.8946464035654139,0.8946464035654139
Na,CBS,0.906892790822297,0.906892790822297,0.906892790822297,0.8905135274837621,0.8905135274837621,0.8905135274837621,0.8903616256944347,0.8903616256944347,0.8903616256944347,0.8893939364088036,0.8893939364088036,0.8893939364088036
Na2,5Z,0.0,0.0,0.0,0.0,0.0,0.0,0.0,0.0,0.0,0.0,0.0,0.0
Na2,QZ,0.9013477313823904,0.9013477313823904,2.997627782319391,0.9044895281929493,0.9044895281929493,2.9428621667226413,0.8952419216048515,0.8952419216048515,2.958435038851536,0.8918399761410589,0.8918399761410589,2.961981708232673
Na2,TZ,0.9013027384216491,0.9013027384216491,2.9977546089594487,0.9068872561539438,0.9068872561539438,2.94555196762539,0.897918763516245,0.897918763516245,2.959269592880333,0.8949803995892801,0.8949803995892801,2.9626326914177636
Na2,CBS,0.9013477313823904,0.9013477313823904,2.997627782319391,0.9027070021149257,0.9027070021149257,2.9409918882066233,0.8932557177792396,0.8932557177792396,2.9579185891354287,0.88951548308587,0.88951548308587,2.96159921561873
NaCl,5Z,0.7152045068020755,0.7152045068020755,2.241050776147066,0.0,0.0,0.0,0.0,0.0,0.0,0.0,0.0,0.0
NaCl,QZ,0.7152898917222303,0.7152898917222303,2.240952845341157,0.7186525858436346,0.7186525858436346,2.241370238940362,0.7161958764996591,0.7161958764996591,2.2408110062785793,0.7176144266417512,0.7176144266417512,2.241029264417075
NaCl,TZ,0.715555262383696,0.715555262383696,2.240850289230292,0.7202659032837996,0.7202659032837996,2.2416389021839587,0.7183605610028299,0.7183605610028299,2.2411620198234323,0.7198567112816519,0.7198567112816519,2.241418396104967
NaCl,CBS,0.7152045068020755,0.7152045068020755,2.241050776147066,0.7175835640849694,0.7175835640849694,2.241197279947069,0.7147245058031249,0.7147245058031249,2.2405779538222075,0.7160864288184141,0.7160864288184141,2.2407683960184857
Ne,5Z,0.558995481493366,0.558995481493366,0.558995481493366,0.5660216530245998,0.5660216530245998,0.5660216530245998,0.563959668744544,0.563959668744544,0.563959668744544,0.5648721179243571,0.5648721179243571,0.5648721179243571
Ne,QZ,0.5593411806491634,0.5593411806491634,0.5593411806491634,0.5665205314801353,0.5665205314801353,0.5665205314801353,0.5645445146508156,0.5645445146508156,0.5645445146508156,0.5654383349586685,0.5654383349586685,0.5654383349586685
Ne,TZ,0.559865968960429,0.559865968960429,0.559865968960429,0.5674332685458183,0.5674332685458183,0.5674332685458183,0.5656814572449944,0.5656814572449944,0.5656814572449944,0.5665337700527482,0.5665337700527482,0.5665337700527482
Ne,CBS,0.558995481493366,0.558995481493366,0.558995481493366,0.565860940316678,0.565860940316678,0.565860940316678,0.5637087606784726,0.5637087606784726,0.5637087606784726,0.5646407549042769,0.5646407549042769,0.5646407549042769
NH2,5Z,0.7671881760544658,0.9816110917289484,0.9336898637663504,0.7752138513720269,0.984088357962899,0.9388567745657893,0.7720109791248791,0.9835631963914482,0.9364486035573651,0.773344726683496,0.9846696616380213,0.937888618874271
NH2,QZ,0.7673066116618571,0.981720488555547,0.9337112315762625,0.7755935824836522,0.9846640195622866,0.9393217863613739,0.7724354396911707,0.984091180655026,0.9368770422297384,0.7737648656599548,0.9852111504251343,0.9383280882264691
NH2,TZ,0.7674627034007002,0.9819813087295434,0.9339357256634273,0.776527789266593,0.9860763505938933,0.9406006395489452,0.7735422563340251,0.9856029800961252,0.9382848151025972,0.7748661985196684,0.9867606454221386,0.9397519340216096
NH2,CBS,0.7671881760544658,0.9816110917289484,0.9336898637663504,0.7749397052692241,0.9835991621357105,0.9383913120234444,0.7716899037581642,0.9831240226870765,0.9360215128164222,0.7730281854438186,0.9842163192532193,0.9374499549610529
NH3,5Z,0.9660599636840759,0.9660566497267216,0.8904854371595906,0.0,0.0,0.0,0.0,0.0,0.0,0.0,0.0,0.0
NH3,QZ,0.9661523109289125,0.9661451496494808,0.8904947147057874,0.9708092764156929,0.9708046574067749,0.9004246633541967,0.9686772654344531,0.968675217111439,0.8948848892948438,0.9698843479018827,0.9698797244898655,0.8967536711120584
NH3,TZ,0.9663523663515695,0.9663490533969689,0.8906180432425546,0.9720497183893102,0.9720451052747817,0.9015783905174344,0.970026107249546,0.9700214845113648,0.8961960598494771,0.9712546795528141,0.9712552106619364,0.8980659556958127
NH3,CBS,0.9660599636840759,0.9660566497267216,0.8904854371595906,0.9699577281742096,0.9699597604230965,0.8996634732967915,0.967746614605947,0.9677531004693333,0.8940088081139878,0.9689380153012783,0.9689362860410592,0.8958767769910331
NH3O,5Z,0.8598186626285753,0.859821137328567,1.5811298256066204,0.0,0.0,0.0,0.0,0.0,0.0,0.0,0.0,0.0
NH3O,QZ,0.8599291437567224,0.8599340197378785,1.5811856919992893,0.8697497185909755,0.8697513457538435,1.5853084970367646,0.8658926710901034,0.8658959095014871,1.5830643424975883,0.8679001549531711,0.8679017855836448,1.5840901418649105
NH3O,TZ,0.8601452614426064,0.8601477352029523,1.5813551546325804,0.870946559584684,0.8709497791999009,1.5861829070011928,0.8673094472694562,0.8673110790150701,1.5840058438638707,0.8693024755330558,0.8693072989388019,1.5850656060601627
NH3O,CBS,0.8598186626285753,0.859821137328567,1.5811298256066204,0.86892357450847,0.8689198853584088,1.5847382096186713,0.8649060337640196,0.8649062903540743,1.582445096488953,0.8669240663077803,0.8669192128221104,1.58344611217027
O2,5Z,0.6835515835555135,0.6835515835555135,1.3343478915798113,0.6832944977750959,0.6832944977750959,1.3366339685315958,0.6837996759211918,0.6837996759211918,1.3355767897529163,0.6844688621481184,0.6844688621481184,1.3360727388271443
O2,QZ,0.6838947925211158,0.6838947925211158,1.3342973958444337,0.6839984446083609,0.6839984446083609,1.3367660570949957,0.6844962551427534,0.6844962551427534,1.3357300389587163,0.6851693219780103,0.6851693219780103,1.3362352858419102
O2,TZ,0.6844924484152474,0.6844924484152474,1.3344140555131259,0.6853996099251806,0.6853996099251806,1.3372195008043963,0.6860080186286718,0.6860080186286718,1.3363077824517686,0.6866955316032237,0.6866955316032237,1.3368326808860505
O2,CBS,0.6835515835555135,0.6835515835555135,1.3343478915798113,0.6829160187008269,0.6829160187008269,1.3364424046771406,0.6834289268001855,0.6834289268001855,1.33536302456873,0.6840940415691917,0.6840940415691917,1.3358492185646986
O3,5Z,0.6641223055940073,1.8226496385878264,0.9257764867372245,0.0,0.0,0.0,0.0,0.0,0.0,0.0,0.0,0.0
O3,QZ,0.6645279961088923,1.822645389520454,0.9258711387218868,0.6756406681132467,1.8271293845124819,0.9267630338825446,0.6729975656559034,1.8280037270715224,0.9245502257945424,0.6753229931325241,1.8293850654218802,0.9243565645276077
O3,TZ,0.6652524933374295,1.82270402577535,0.9262653323587986,0.6769391148465804,1.8275472288066335,0.927755675550419,0.6745775666648585,1.8285330311320533,0.9257189765089925,0.6768529370199569,1.8299111237058725,0.9255131793409077
O3,CBS,0.6641223055940073,1.8226496385878264,0.9257764867372245,0.6748161495813481,1.8268715087944516,0.9262316765779905,0.6719675885985513,1.8276645158482963,0.9238903564830279,0.6743295442449314,1.8290482227382905,0.9237055511439595
P,5Z,0.8201091593684343,0.8201091593684343,0.8201091593684343,0.8156190261381469,0.8156190261381469,0.8156190261381469,0.8151304974375513,0.8151304974375513,0.8151304974375513,0.8152347687178981,0.8152347687178981,0.8152347687178981
P,QZ,0.8202028317394017,0.8202028317394017,0.8202028317394017,0.8162216186217947,0.8162216186217947,0.8162216186217947,0.8156415036736167,0.8156415036736167,0.8156415036736167,0.8157783989611517,0.8157783989611517,0.8157783989611517
P,TZ,0.8207253876906696,0.8207253876906696,0.8207253876906696,0.8179472692115904,0.8179472692115904,0.8179472692115904,0.8172480651765874,0.8172480651765874,0.8172480651765874,0.8174886751541408,0.8174886751541408,0.8174886751541408
P,CBS,0.8201091593684343,0.8201091593684343,0.8201091593684343,0.8150850771674657,0.8150850771674657,0.8150850771674657,0.814692638956137,0.814692638956137,0.814692638956137,0.8147626817699257,0.8147626817699257,0.8147626817699257
HCl,5Z,0.762403160706693,0.762403160706693,0.8559706312959555,0.7607768923551664,0.7607768923551664,0.8564236599773501,0.7590167822012077,0.7590167822012077,0.8562406829459442,0.7594430188810413,0.7594430188810413,0.8569183086981256
HCl,QZ,0.7625467147183691,0.7625467147183691,0.8558794949806467,0.7614429528525444,0.7614429528525444,0.8569141950939633,0.7596405066920965,0.7596405066920965,0.8567156548051974,0.7600974575403028,0.7600974575403028,0.857422528809198
HCl,TZ,0.7628716428476754,0.7628716428476754,0.8558368152984183,0.7628825718300207,0.7628825718300207,0.858131227215569,0.7612824217235697,0.7612824217235697,0.8583459713829392,0.7618022010684822,0.7618022010684822,0.8591023347803766
HCl,CBS,0.762403160706693,0.762403160706693,0.8559706312959555,0.7602286888291842,0.7602286888291842,0.8558133817536944,0.7585129967803944,0.7585129967803944,0.8556467333857481,0.7589070087589844,0.7589070087589844,0.8562936724474961
NH,5Z,0.7632870784475524,0.7632870784475524,0.979519545914497,0.7695824815487761,0.7695824815487761,0.9796933104741267,0.7680216091197763,0.7680216091197763,0.9800328893009516,0.7691234912405793,0.7691234912405793,0.9810523910898772
NH,QZ,0.7635001213572268,0.7635001213572268,0.9795550191027289,0.7700493146912382,0.7700493146912382,0.980242654409008,0.7685219211604547,0.7685219211604547,0.9805069981520043,0.7696149660618125,0.7696149660618125,0.9815418091851436
NH,TZ,0.7638773658038965,0.7638773658038965,0.979822701514251,0.7711199321084886,0.7711199321084886,0.9817910731233093,0.7697448904049541,0.7697448904049541,0.9821076355228925,0.7708321470885123,0.7708321470885123,0.9831762798661033
NH,CBS,0.7632870784475524,0.7632870784475524,0.979519545914497,0.76931620982913,0.76931620982913,0.9791541673956748,0.767720211998723,0.767720211998723,0.9795726813924183,0.768831365956321,0.768831365956321,0.9805761210234804
PH,5Z,0.8180458428283528,0.8180458428283528,1.038866428358468,0.816969134048834,0.816969134048834,1.0330372949357929,0.8152421796550656,0.8152421796550656,1.0326850639951013,0.8155928441286776,0.8155928441286776,1.0326283486158387
PH,QZ,0.8181367222956992,0.8181367222956992,1.038889507832776,0.817512120643754,0.817512120643754,1.0336861638552304,0.8157460927250026,0.8157460927250026,1.0331952581629564,0.8161214301578259,0.8161214301578259,1.0331824088661907
PH,TZ,0.818761245567809,0.818761245567809,1.0389026260950138,0.8191904215739163,0.8191904215739163,1.0351982270521625,0.81750065282689,0.81750065282689,1.0346721012949442,0.8179344065997312,0.8179344065997312,1.0347830480502618
PH,CBS,0.8180458428283528,0.8180458428283528,1.038866428358468,0.8164947921444945,0.8164947921444945,1.0323807289605749,0.8148088329244788,0.8148088329244788,1.0321739928412157,0.815133611014656,0.815133611014656,1.0320712540311368
SiO,5Z,0.7372258566039681,0.7372258566039681,1.6117873732049797,0.7483017037065551,0.7483017037065551,1.6020537049431525,0.7412602691728207,0.7412602691728207,1.6031818099250492,0.7440573490971254,0.7440573490971254,1.6019000400954353
SiO,QZ,0.7373266976350813,0.7373266976350813,1.6118237117126644,0.7489255852057024,0.7489255852057024,1.6024159584665452,0.7418701594938841,0.7418701594938841,1.6034758217460072,0.7446786825337425,0.7446786825337425,1.602239686444396
SiO,TZ,0.7377024382191952,0.7377024382191952,1.6122434566099446,0.7507244925753779,0.7507244925753779,1.6034997166605955,0.7437762810573665,0.7437762810573665,1.6044496443211904,0.746650690762197,0.746650690762197,1.6033378120167419
SiO,CBS,0.7372258566039681,0.7372258566039681,1.6117873732049797,0.7477529399368145,0.7477529399368145,1.6017117613201146,0.7407261846718893,0.7407261846718893,1.602911464153746,0.7435112587044655,0.7435112587044655,1.6015818154750803
LiH,5Z,0.987089254031772,0.987089254031772,1.651807283831845,0.9877823942229003,0.9877823942229003,1.6613709016004827,0.995760555359854,0.995760555359854,1.6673022169327951,0.9958798039882975,0.9958798039882975,1.6677327565307836
LiH,QZ,0.9871457425198167,0.9871457425198167,1.6517765270224976,0.9885224128332282,0.9885224128332282,1.6466513480952187,0.9963754741894554,0.9963754741894554,1.6459647336840684,0.996507193143754,0.996507193143754,1.6458230562329517
LiH,TZ,0.9880209010947086,0.9880209010947086,1.651582592465371,0.9912247823874509,0.9912247823874509,1.5463926545921671,0.9990878811256971,0.9990878811256971,1.5368490412695204,0.9992380070292415,0.9992380070292415,1.5402992169454242
LiH,CBS,0.987089254031772,0.987089254031772,1.651807283831845,0.987065247865095,0.987065247865095,1.6767820981339034,0.9951746612310076,0.9951746612310076,1.689656815164275,0.9952808262388818,0.9952808262388818,1.690687713633456
BHF2,5Z,0.6618631611153976,1.9935132964343742,1.0815690348416431,0.0,0.0,0.0,0.0,0.0,0.0,0.0,0.0,0.0
BHF2,QZ,0.6619567635994061,1.9935474830505824,1.0816449332532603,0.6711345265411693,1.9915048316247825,1.0847351919652877,0.6680620950251103,1.9914812939698445,1.0828744457708612,0.6696755181316023,1.9910711710762317,1.083646565078683
BHF2,TZ,0.6622749130899745,1.9937378296259212,1.0818331092297013,0.6722077221214958,1.9919624529489373,1.0857743963074489,0.6693939166530374,1.9919300306711327,1.0840211613219506,0.6709979277852459,1.9915487678339856,1.0848123149152817
BHF2,CBS,0.6618631611153976,1.9935132964343742,1.0815690348416431,0.6704899444781481,1.9912756066783575,1.0840382728543612,0.6672287858462723,1.9912585523968624,1.0820990725345008,0.6688490771502146,1.9908273694620449,1.0828573019583023
C2H4,5Z,0.865473156162281,1.1601766753168017,1.7670300035806294,0.0,0.0,0.0,0.0,0.0,0.0,0.0,0.0,0.0
C2H4,QZ,0.8656717866200793,1.1601426306786151,1.7670510409306686,0.8571106540646655,1.1601242172097095,1.7690172006768645,0.8539858252752127,1.1586862470178232,1.7680559524118111,0.8538010097588329,1.1594209532130182,1.768960671119615
C2H4,TZ,0.8660581801761358,1.1601246066421689,1.767093114879394,0.8588534817325374,1.161302104846591,1.769879052692888,0.8555615372806824,1.1598777191766363,1.768962437695741,0.8554884826068571,1.1606614822361707,1.769895826386004
C2H4,CBS,0.865473156162281,1.1601766753168017,1.7670300035806294,0.8559221933090561,1.159285569545738,1.7683979468993376,0.8529193137867617,1.157837686324334,1.767404128411758,0.8526529430609502,1.1585365942671733,1.7682879257810107
CH3Cl,5Z,0.893593754709999,0.8935829000006276,1.874065659019562,0.0,0.0,0.0,0.0,0.0,0.0,0.0,0.0,0.0
CH3Cl,QZ,0.8936529533061858,0.8936436992429412,1.8740456156550953,0.8934809523407352,0.8934728007677021,1.8738876776499045,0.8920226240873268,0.892012303298881,1.8733868741102702,0.8926583775913802,0.8926480641535103,1.8736417104066325
CH3Cl,TZ,0.8938625168222408,0.8938532649286076,1.874035470242848,0.8948692130531678,0.8948589250956436,1.8745563953019213,0.8935659659563714,0.8935556629939053,1.8741560094057435,0.8942543859078684,0.8942462413790185,1.874455667386532
CH3Cl,CBS,0.893593754709999,0.8935829000006276,1.874065659019562,0.8925616233580027,0.89255343170535,1.8734123344539622,0.8909901277740936,0.8909781949146036,1.872838253174508,0.8915874490056882,0.8915739537875284,1.873060381755208
Cl2,5Z,0.7462128779652469,0.7462128779652469,2.004351150954518,0.7450450073744662,0.7450450073744662,2.003246252998175,0.7433594254979274,0.7433594254979274,2.0032363425735373,0.7437994677917894,0.7437994677917894,2.0032539610746496
Cl2,QZ,0.7463813565483406,0.7463813565483406,2.004293873947013,0.7457296111098458,0.7457296111098458,2.0034488553896885,0.7440060495245748,0.7440060495245748,2.0034393129840935,0.7444792909315796,0.7444792909315796,2.0034749132676843
Cl2,TZ,0.7468411827687409,0.7468411827687409,2.0043298768285145,0.747315397761898,0.747315397761898,2.003938393265303,0.7457838395711256,0.7457838395711256,2.004015812964389,0.7463180256827303,0.7463180256827303,2.0040932296768625
Cl2,CBS,0.7462128779652469,0.7462128779652469,2.004351150954518,0.7445034990179695,0.7445034990179695,2.0029735926451067,0.7428577647046908,0.7428577647046908,2.002963296102129,0.7432629751421406,0.7432629751421406,2.002962048470805
ClCN,5Z,0.7591989347375737,0.7591989347375737,2.376654091694907,0.0,0.0,0.0,0.0,0.0,0.0,0.0,0.0,0.0
ClCN,QZ,0.7593001214407911,0.7593001214407911,2.3766430540118413,0.7553625473518086,0.7553625473518086,2.3751113420873446,0.754750009254487,0.754750009254487,2.3745841492216,0.7550811726344059,0.7550811726344059,2.3743824007076455
ClCN,TZ,0.7595726056693549,0.7595726056693549,2.3766893713915116,0.7567491314517423,0.7567491314517423,2.375598598735805,0.7561917172819612,0.7561917172819612,2.375054166192767,0.7565982515597698,0.7565982515597698,2.374902805974427
ClCN,CBS,0.7591989347375737,0.7591989347375737,2.376654091694907,0.7544483688505647,0.7544483688505647,2.374800613276969,0.7537956051844972,0.7537956051844972,2.374286000716276,0.7540717681794695,0.7540717681794695,2.3740474823649818
CS,5Z,0.79392895150694,0.79392895150694,1.5347330909186945,0.7846951242213548,0.7846951242213548,1.5410828638678973,0.7857327701081203,0.7857327701081203,1.5357484175786593,0.7849673314072283,0.7849673314072283,1.5371274260086398
CS,QZ,0.7940757907552882,0.7940757907552882,1.5347506974200031,0.7854203181386166,0.7854203181386166,1.5415160158488117,0.7863486309469199,0.7863486309469199,1.5361590036974497,0.7856257403774924,0.7856257403774924,1.5375662859292425
CS,TZ,0.7944842440968743,0.7944842440968743,1.5348355382699275,0.7872311020050666,0.7872311020050666,1.5424703850027826,0.7880750951212584,0.7880750951212584,1.5372636660100236,0.7874504829365242,0.7874504829365242,1.538743838024969
CS,CBS,0.79392895150694,0.79392895150694,1.5347330909186945,0.7840883258801996,0.7840883258801996,1.54064688172536,0.785240681882073,0.785240681882073,1.535336111094744,0.7844306025186608,0.7844306025186608,1.536685455208069
CSO,5Z,0.7655961342291814,0.7655961342291814,2.3584404095085687,0.0,0.0,0.0,0.0,0.0,0.0,0.0,0.0,0.0
CSO,QZ,0.7657256044302032,0.7657256044302032,2.358456136151977,0.7618000132614641,0.7618000132614641,2.353459575300082,0.7613349629086139,0.7613349629086139,2.354661153259461,0.7609900951388743,0.7609900951388743,2.3542016368136913
CSO,TZ,0.7660378612161847,0.7660378612161847,2.3585877126774464,0.7632851785727786,0.7632851785727786,2.3539826610601664,0.7628483440957774,0.7628483440957774,2.3551545299209016,0.7625741026863779,0.7625741026863779,2.3547501884891475
CSO,CBS,0.7655961342291814,0.7655961342291814,2.3584404095085687,0.7608146368392533,0.7608146368392533,2.3531581527287115,0.7603289965229457,0.7603289965229457,2.3543814103006135,0.7599325905983633,0.7599325905983633,2.3538816310067787
HBS,5Z,0.8251624893344011,0.8251624893344011,1.731950936645793,0.0,0.0,0.0,0.0,0.0,0.0,0.0,0.0,0.0
HBS,QZ,0.8252464425138822,0.8252464425138822,1.731925537916594,0.8179581982105093,0.8179581982105093,1.737296071108033,0.8176677890555478,0.8176677890555478,1.7348766295324944,0.8169906935350172,0.8169906935350172,1.736688138447997
HBS,TZ,0.8254777814723698,0.8254777814723698,1.731965857624309,0.8196763110363654,0.8196763110363654,1.738397954248811,0.8193518388625415,0.8193518388625415,1.7361612677813487,0.8187774577115934,0.8187774577115934,1.7380758478946654
HBS,CBS,0.8251624893344011,0.8251624893344011,1.731950936645793,0.8167893019386241,0.8167893019386241,1.7365468154401318,0.8165237495812109,0.8165237495812109,1.73399401202897,0.8157717003315255,0.8157717003315255,1.735730306827149
HCCCl,5Z,0.7911860821976923,0.7911860821976923,2.482800504563662,0.0,0.0,0.0,0.0,0.0,0.0,0.0,0.0,0.0
HCCCl,QZ,0.7912753485944911,0.7912753485944911,2.4827925429781046,0.7859512198001758,0.7859512198001758,2.4849720061095106,0.7849241899724922,0.7849241899724922,2.4838828795625605,0.7851651532884742,0.7851651532884742,2.4844229187982614
HCCCl,TZ,0.7915650035067662,0.7915650035067662,2.4828287690548456,0.7874585642092709,0.7874585642092709,2.485595007794437,0.7864663509632126,0.7864663509632126,2.484558813567005,0.7867947564016927,0.7867947564016927,2.4851365982155693
HCCCl,CBS,0.7911860821976923,0.7911860821976923,2.482800504563662,0.7849733691759677,0.7849733691759677,2.484551780089095,0.7839209326535846,0.7839209326535846,2.483424027254929,0.7840980868531491,0.7840980868531491,2.4839365225407026
HCHS,5Z,0.7869094637859132,0.9450330657452962,1.7470268659305512,0.0,0.0,0.0,0.0,0.0,0.0,0.0,0.0,0.0
HCHS,QZ,0.7870570759216471,0.9450560114848325,1.747015963097322,0.7991121238995388,0.9446903852437349,1.7360863937982283,0.7852474035736778,0.941542571783305,1.743963861417431,0.7848599559828479,0.941885475448093,1.7448570758171975
HCHS,TZ,0.7873974623800232,0.9453280399427245,1.7469696070398384,0.800369043902185,0.9462669701146136,1.7371077693374293,0.7868032295593913,0.9431597616612535,1.744982734777,0.7865370756523118,0.9436113716525776,1.7459020965197012
HCHS,CBS,0.7869094637859132,0.9450330657452962,1.7470268659305512,0.7982956899882564,0.9437154659055327,1.7353181411419847,0.7842128490801572,0.940538021764268,1.7431974346760544,0.7837368898822661,0.9408015991907729,1.7440715685823278
HCP,5Z,0.8256660803667435,0.8256660803667435,1.7078516005662991,0.0,0.0,0.0,0.0,0.0,0.0,0.0,0.0,0.0
HCP,QZ,0.8257274728961455,0.8257274728961455,1.7078545687146773,0.834166008360467,0.834166008360467,1.6750053337359003,0.8208040313233123,0.8208040313233123,1.702955561103936,0.8204827751161732,0.8204827751161732,1.7036572972229806
HCP,TZ,0.8260650502505567,0.8260650502505567,1.7079426007205987,0.8354170031904192,0.8354170031904192,1.6771896821301417,0.8222909725542576,0.8222909725542576,1.704166447706335,0.8221403261524356,0.8221403261524356,1.7048934068054413
HCP,CBS,0.8256660803667435,0.8256660803667435,1.7078516005662991,0.8334380679435079,0.8334380679435079,1.6734726211960453,0.8199039138029259,0.8199039138029259,1.7021332125743445,0.8194581585486636,0.8194581585486636,1.7028165427349657
Li,5Z,1.4389091465991406,1.4389091465991406,1.4389091465991406,1.4304381384599345,1.4304381384599345,1.4304381384599345,1.42920255002045,1.42920255002045,1.42920255002045,1.428992627002451,1.428992627002451,1.428992627002451
Li,QZ,1.4386335495995264,1.4386335495995264,1.4386335495995264,1.4305721239793956,1.4305721239793956,1.4305721239793956,1.4292841784232466,1.4292841784232466,1.4292841784232466,1.4290975923654343,1.4290975923654343,1.4290975923654343
Li,TZ,1.4396925872328903,1.4396925872328903,1.4396925872328903,1.433127098431669,1.433127098431669,1.433127098431669,1.4321498789534817,1.4321498789534817,1.4321498789534817,1.4320276796305735,1.4320276796305735,1.4320276796305735
Li,CBS,1.4389091465991406,1.4389091465991406,1.4389091465991406,1.4300084125382817,1.4300084125382817,1.4300084125382817,1.4288277561556253,1.4288277561556253,1.4288277561556253,1.4285933484580866,1.4285933484580866,1.4285933484580866
LiCl,5Z,0.7810324745777221,0.7810324745777221,1.3879384089521656,0.7823704222459952,0.7823704222459952,1.3898057055526267,0.7799557497615135,0.7799557497615135,1.388409469955262,0.7811952218726866,0.7811952218726866,1.3893318471598999
LiCl,QZ,0.7810800689077914,0.7810800689077914,1.3879215533782556,0.7831624860710173,0.7831624860710173,1.390213932056311,0.7807342528184957,0.7807342528184957,1.3887929139897723,0.7820252404755751,0.7820252404755751,1.3897521827647425
LiCl,TZ,0.7811347988023578,0.7811347988023578,1.388173221817609,0.7848142988846062,0.7848142988846062,1.391186347742682,0.7829405973816118,0.7829405973816118,1.390105371381801,0.7843315513989324,0.7843315513989324,1.391124131292524
LiCl,CBS,0.7810324745777221,0.7810324745777221,1.3879384089521656,0.7815893394971921,0.7815893394971921,1.3893597177990853,0.7791888947037687,0.7791888947037687,1.387989483480854,0.7803743177175977,0.7803743177175977,1.3888731547756348
NaH,5Z,0.7226981337321967,0.7226981337321967,1.401087836167163,0.7271067168617867,0.7271067168617867,1.390040652589459,0.7337466819051395,0.7337466819051395,1.3791299535479251,0.7344958781095487,0.7344958781095487,1.3836269228273261
NaH,QZ,0.7228952842678299,0.7228952842678299,1.4010665403206746,0.7276795396186,0.7276795396186,1.3907802997646297,0.7343455326101567,0.7343455326101567,1.3858865535671414,0.7350657768437258,0.7350657768437258,1.3844688462023107
NaH,TZ,0.7237175935519784,0.7237175935519784,1.4009718500872415,0.7295466743462158,0.7295466743462158,1.3921825940392096,0.7364560631157984,0.7364560631157984,1.3872115032399481,0.7371261998321277,0.7371261998321277,1.3860420659144503
NaH,CBS,0.7226981337321967,0.7226981337321967,1.401087836167163,0.7267125689575978,0.7267125689575978,1.3892422861405054,0.7333252259897202,0.7333252259897202,1.372018718541284,0.734104798032388,0.734104798032388,1.3827212502015183
NaLi,5Z,0.0,0.0,0.0,0.0,0.0,0.0,0.0,0.0,0.0,0.0,0.0,0.0
NaLi,QZ,1.0340159395048028,1.0340159395048028,2.3759132154198794,1.049003765650734,1.049003765650734,2.247938503668361,1.0270492958547268,1.0270492958547268,2.3097694628645615,1.0244222575688007,1.0244222575688007,2.313163560850193
NaLi,TZ,1.0340904066376402,1.0340904066376402,2.376141529795698,1.0511396775905275,1.0511396775905275,2.25471867575113,1.029787554775108,1.029787554775108,2.3121171502825555,1.0275499156687817,1.0275499156687817,2.3153328809519134
NaLi,CBS,1.0340159395048028,1.0340159395048028,2.3759132154198794,1.0474994680889014,1.0474994680889014,2.24315741831464,1.0251054477935462,1.0251054477935462,2.3082228933472986,1.0221942533495336,1.0221942533495336,2.3117471512664265
NP,5Z,0.7759519759682882,0.7759519759682882,1.5531679556172011,0.7730230208412318,0.7730230208412318,1.5445181472142722,0.7707042491004878,0.7707027746471666,1.5474486828691274,0.7709018001786093,0.7709003261031319,1.5474795809871291
NP,QZ,0.7760281885607695,0.7760281885607695,1.5531799627491158,0.773549111830087,0.7735476427993372,1.5449622633565074,0.7712142403149809,0.7712142403149809,1.5477939455847627,0.7714529064555291,0.7714529064555291,1.5478509686885766
NP,TZ,0.7762589581945402,0.7762589581945402,1.553438677410128,0.7748642431435036,0.7748642431435036,1.5460537585187109,0.7726333652267117,0.7726333652267117,1.5488162482781367,0.772975978511366,0.772975978511366,1.5489440121910034
NP,CBS,0.7759519759682882,0.7759519759682882,1.5531679556172011,0.7725510172778229,0.7725525585559867,1.544064786941149,0.7702491371036231,0.7702461156828828,1.5470990376665354,0.7704035510670673,0.7704005304205971,1.547102525963357
OCl2,5Z,0.7387448688823497,2.4729621508332986,1.0234194259579066,0.0,0.0,0.0,0.0,0.0,0.0,0.0,0.0,0.0
OCl2,QZ,0.7389125841171381,2.472959287571752,1.0234764851890197,0.7406148795760573,2.473479828717777,1.0227132527456153,0.7382449677047433,2.4730167777881418,1.0216312334906863,0.7390749791379368,2.473457448313614,1.0216343805016932
OCl2,TZ,0.739449017241892,2.4730000887358226,1.0237488083636241,0.7422061219307607,2.473840293804123,1.0237443528123038,0.7400367869995854,2.473431939216237,1.0228164795892805,0.7409154058710818,2.4738876941856227,1.022874220334789
OCl2,CBS,0.7387448688823497,2.4729621508332986,1.0234194259579066,0.7396774386869814,2.473249423711717,1.0221024914581165,0.73716115985935,2.4727464592354,1.020907987260986,0.737955700999728,2.473176122193692,1.0208712956008703
OF2,5Z,0.6486067694652545,1.8485467667027606,0.9939137173120568,0.0,0.0,0.0,0.0,0.0,0.0,0.0,0.0,0.0
OF2,QZ,0.649104763871572,1.8485738373485487,0.9940128652661194,0.6560683557665881,1.8560591998512252,1.0058955177877096,0.6556270588984779,1.8480540530297316,0.9959382397866248,0.6571534750107253,1.8480785069053398,0.9962748232138475
OF2,TZ,0.6500556207829746,1.8487261990174164,0.9942842105654168,0.657601058540622,1.856334266459189,1.00654838005996,0.6573714540772172,1.848452558816236,0.996725812490617,0.6588471290287934,1.8485134196284045,0.997085170732673
OF2,CBS,0.6486067694652545,1.8485467667027606,0.9939137173120568,0.6551457711361882,1.855942587763394,1.0055179655560866,0.6545499960268067,1.847847363703506,0.9954623853480551,0.6561134394725168,1.8478452503551377,0.995782349315805
P2,5Z,0.8081858514929183,0.8081858514929183,1.9637535504694388,0.8149709979132441,0.8149709979132441,1.9457974027734726,0.805446689393321,0.805446689393321,1.9537683884240726,0.8048753742005329,0.8048753742005329,1.9542089409843342
P2,QZ,0.8082640420328826,0.8082640420328826,1.9637541814692576,0.8155464807581966,0.8155464807581966,1.9463823372939437,0.8060610219110628,0.8060610219110628,1.9541761055436506,0.8055615244941283,0.8055615244941283,1.9546297827588575
P2,TZ,0.8086962532516974,0.8086962532516974,1.963828007048477,0.8170053443779458,0.8170063643649151,1.9477613333060162,0.8078702715744184,0.8078702715744184,1.9552487288115044,0.8075370217577353,0.8075370217577353,1.955754141337043
P2,CBS,0.8081858514929183,0.8081858514929183,1.9637535504694388,0.81444924860965,0.81444924860965,1.9451843630140997,0.8048841797772921,0.8048841797772921,1.953341281675473,0.8042375147868871,0.8042375147868871,1.9537680641059558
PH2,5Z,0.8174577222095343,1.0273809717024551,1.0274801746346391,0.8157788796764142,1.02515510603893,1.0222335258952293,0.8142000043000648,1.024473489356736,1.0208400472043098,0.8146117089175084,1.024727534244979,1.0207435868705648
PH2,QZ,0.817543317636298,1.0273958705265973,1.0275172876532965,0.8163285127886873,1.025721579182743,1.0228360723019374,0.814703772267586,1.0249585599504394,1.0213310311277202,0.8151368719539621,1.0252368695884426,1.021273474410456
PH2,TZ,0.8183346509042546,1.0274873871353183,1.0275982376175579,0.8182897581237049,1.0271585869339939,1.0242518127348186,0.8167265404205245,1.0265141164023281,1.0227314514872252,0.8172179539578658,1.026863612850232,1.0227908741564453
PH2,CBS,0.8174577222095343,1.0273809717024551,1.0274801746346391,0.8152920204653877,1.0245764051133734,1.0216402843077663,0.8137612658966471,1.023980194385393,1.020363854779651,0.8141505232286533,1.0242087811755272,1.0202265775368113
PH3,5Z,1.0188876988517273,1.0189044033617525,1.0045206604422792,1.0162120048663579,1.0162260199307378,0.9984385909312578,1.0154682295922626,1.0154822549217732,0.9968704463298943,1.015691145882433,1.015705168133812,0.9967479993180265
PH3,QZ,1.0189079679486002,1.018924672126329,1.004573550065942,1.0167489893076114,1.016764362963333,0.9990148495292703,1.015924950261912,1.0159389692862628,0.9973405057340129,1.0161723688181772,1.0161863844369796,0.9972584887520544
PH3,TZ,1.019102530767053,1.0191172052843753,1.004802356576859,1.0182464015810453,1.0182617526289253,1.0005679871610242,1.0175027484115562,1.0175167457052616,0.9988187835874686,1.017819379116318,1.017833372047946,0.9988574373613656
PH3,CBS,1.0188876988517273,1.0189044033617525,1.0045206604422792,1.0156698772919257,1.0156824666003577,0.9978894824991532,1.015010313188038,1.0150243447841596,0.9964327600028589,1.0152075221826335,1.0152215510441427,0.996267894598955
PH3O,5Z,0.9281075260743783,0.9281156453878887,1.653541573038594,0.0,0.0,0.0,0.0,0.0,0.0,0.0,0.0,0.0
PH3O,QZ,0.928161442529375,0.9281680209580384,1.653570282586469,0.9317989465869089,0.9318065312315389,1.6506968720631336,0.9292083271881411,0.9292159329784778,1.6504601365970464,0.9302911265084303,0.930299757034288,1.6501122088818057
PH3O,TZ,0.9283863173964704,0.92839289423171,1.6539300556725218,0.9331796616791446,0.933188265484732,1.6517429491805233,0.93074269592501,0.9307502891828543,1.6515021740274034,0.9318660188358043,0.9318736029403895,1.6512134893553367
PH3O,CBS,0.9281075260743783,0.9281156453878887,1.653541573038594,0.9309015791568097,0.9309099598114681,1.6501673460599586,0.9281988341254717,0.9282079887832192,1.649933558473598,0.929252062177014,0.9292629960296624,1.6495423993484735
S2,5Z,0.7799471316257597,0.7799471316257597,1.9356390724805348,0.0,0.0,0.0,0.0,0.0,0.0,0.0,0.0,0.0
S2,QZ,0.7800662775567535,0.7800662775567535,1.9356150661452047,0.7779245410280221,0.7779245410280221,1.93511588912885,0.7762989276054819,0.7762989276054819,1.9345820933874833,0.7764045902437011,0.7764045902437011,1.934924918615313
S2,TZ,0.7804623069934256,0.7804623069934256,1.9356738811379244,0.779659001321802,0.779659001321802,1.9357956396712876,0.7781454504597102,0.7781454504597102,1.9352939228849482,0.7783482302780218,0.7783482302780218,1.9357088677106882
S2,CBS,0.7799471316257597,0.7799471316257597,1.9356390724805348,0.776828702309409,0.776828702309409,1.9346867803333048,0.7751213135049201,0.7751213135049201,1.934129575624756,0.7751561068495583,0.7751561068495583,1.9344197730378945
SCl2,5Z,0.764761821034497,2.5623468821833475,1.330158077975119,0.0,0.0,0.0,0.0,0.0,0.0,0.0,0.0,0.0
SCl2,QZ,0.7649397070972326,2.5623338251884205,1.3301603181933779,0.7642060800265913,2.561141421130066,1.3287916989074968,0.7622446641055658,2.561007687986319,1.3283419787057724,0.7627915372443674,2.5609036251041517,1.3284753738686206
SCl2,TZ,0.765504197093654,2.562415647925356,1.3302630059528884,0.7660476076816541,2.561577713555811,1.329642951267946,0.7642420642860728,2.5614428319779288,1.3293140674114803,0.7648711880921385,2.561383684848008,1.3295056235901765
SCl2,CBS,0.764761821034497,2.5623468821833475,1.330158077975119,0.7630963016183606,2.560895811054781,1.3282432088453098,0.7610211408814704,2.560762915957565,1.327705310770018,0.7615079932630794,2.5606260767156503,1.3277962641104906
SH2,5Z,0.8329319075110523,0.9359942194444152,0.9308445991773293,0.8295755201172519,0.9351080269276485,0.928426754213448,0.827004959745912,0.9346237023693801,0.9275338541231211,0.8273441336315976,0.9351496136666309,0.927880105288263
SH2,QZ,0.8331376765310494,0.9359809807184618,0.9308311775564213,0.8303938096280687,0.9356856199205933,0.9289937467013999,0.8277301524951532,0.9351421875943572,0.9280307433377166,0.8281126370895595,0.9356974946904303,0.9284112826627154
SH2,TZ,0.8337472478448663,0.9359258173446489,0.9308114092935661,0.8324318430803019,0.9369953900682585,0.930236139146532,0.8298082039218986,0.9366974040656375,0.9294257319117282,0.8303018132388646,0.9373184717792317,0.9298966529998542
SH2,CBS,0.8329319075110523,0.9359942194444152,0.9308445991773293,0.8289328756678672,0.9344881379110996,0.9278177951484147,0.8264599905873609,0.9340658280602071,0.9269984460334124,0.8267537237294708,0.9345608978636115,0.9273087227357537
SiH3,5Z,1.1454311387034068,1.1454312193961005,0.910466424836773,0.0,0.0,0.0,0.0,0.0,0.0,0.0,0.0,0.0
SiH3,QZ,1.1454502291468451,1.1454503098381938,0.9104880403380529,1.1418850818351045,1.1418851627783844,0.9080561208395923,1.1411352998983388,1.1411353808948026,0.9071991489768622,1.1409948220404946,1.1409949030469304,0.9074957140467955
SiH3,TZ,1.145753724461442,1.1457538051314164,0.9114290131708069,1.1434461915028427,1.1434462723356136,0.9101266650790873,1.1427424761326646,1.1427425570152132,0.9093201758425548,1.1426742686198892,1.1426743495072658,0.9096677894427665
SiH3,CBS,1.1454311387034068,1.1454312193961005,0.910466424836773,1.1409482728096443,1.1409483538193133,0.9072102235009609,1.140164874729693,1.1401649557950315,0.9063164129650596,1.1399716590524742,1.1399717401315386,0.9065757264047898
SiH3Cl,5Z,0.9610458956082649,0.9610411174817433,2.1713843217697937,0.0,0.0,0.0,0.0,0.0,0.0,0.0,0.0,0.0
SiH3Cl,QZ,0.9611016395893694,0.961096861739981,2.1713717335825287,0.9589710776495506,0.9589655224259398,2.16970216915422,0.957971475691579,0.9579666822305292,2.169538056406304,0.9582247351997287,0.9582199430056004,2.169455821446594
SiH3Cl,TZ,0.9612938746420449,0.9612879603700041,2.171625744826619,0.9604589604407852,0.9604541793943423,2.1704895457765256,0.9596256625043721,0.959620877306252,2.170354206491584,0.9599489576816832,0.9599441740951481,2.170319025401803
SiH3Cl,CBS,0.9610458956082649,0.9610411174817433,2.1713843217697937,0.9579698609943623,0.9579629112721278,2.169325544768193,0.9568489020476859,0.9568432729984024,2.169140435168917,0.957051054445907,0.9570454264120339,2.169023863601421
SiH3F,5Z,0.9851352578224432,0.9851295811718317,1.7175008285499458,0.0,0.0,0.0,0.0,0.0,0.0,0.0,0.0,0.0
SiH3F,QZ,0.985187504576729,0.9851818282271649,1.7175232113351069,0.9855215989083462,0.9855154493911515,1.7160757253413919,0.9839837249348578,0.983978543003849,1.7158452518297305,0.9844370371188927,0.9844308808266856,1.7157022529277388
SiH3F,TZ,0.9854603037340778,0.9854546289558732,1.7179549673047314,0.9868992521833684,0.9868940855610553,1.7170449055263564,0.9854757415380363,0.9854705674525458,1.7168355260187054,0.9859644518116627,0.9859592802908101,1.7167272503727073
SiH3F,CBS,0.9851352578224432,0.9851295811718317,1.7175008285499458,0.9846631072573798,0.9846562413381892,1.7156611681288205,0.9830417789633448,0.9830365921528484,1.7154153016953138,0.9834692601090294,0.9834623860455081,1.7152469642011106
SiH4,5Z,1.1273651249887886,1.1273651249887886,1.1273651249887886,0.0,0.0,0.0,0.0,0.0,0.0,0.0,0.0,0.0
SiH4,QZ,1.1273816119180704,1.1273816119180704,1.1273816119180704,1.1238305327141336,1.1238305327141336,1.1238305327141336,1.1231468972014764,1.1231468972014764,1.1231468972014764,1.1230652781916228,1.1230652781916228,1.1230652781916228
SiH4,TZ,1.127762576018891,1.127762576018891,1.127762576018891,1.1254310605380673,1.1254310605380673,1.1254310605380673,1.124785442618273,1.124785442618273,1.124785442618273,1.1247632158983702,1.1247632158983702,1.1247632158983702
SiH4,CBS,1.1273651249887886,1.1273651249887886,1.1273651249887886,1.1229240938787963,1.1229240938787963,1.1229240938787963,1.1222127157983743,1.1222127157983743,1.1222127157983743,1.1220877564688267,1.1220877564688267,1.1220877564688267
SO2,5Z,0.6933385089595486,1.8374547668735468,0.9971559113161488,0.0,0.0,0.0,0.0,0.0,0.0,0.0,0.0,0.0
SO2,QZ,0.6934624842502297,1.8374863777964643,0.9972240556101547,0.7004401534682203,1.8310263356309113,0.9990315100382017,0.6966970020951698,1.8326960029003982,0.9967620737995666,0.6982662663485361,1.8314845261347055,0.9974497481423245
SO2,TZ,0.693519438439724,1.8377632662373358,0.9976754980931164,0.7014655450356537,1.8317643328506843,1.0002439969276582,0.6979450841603847,1.8334081871552048,0.9980376182421242,0.6995350020109661,1.8322679625373004,0.9987819393980474
SO2,CBS,0.6933385089595486,1.8374547668735468,0.9971559113161488,0.6996094806314755,1.8306582399233902,0.9984080090151319,0.6957038253816655,1.8323467436808254,0.996092557805315,0.6972580180911181,1.8310832721045844,0.9967388952844117
SO-trip,5Z,0.7382157173606733,0.7382157173606733,1.5214053633568407,0.7379072568030032,0.7379072568030032,1.5214770943021267,0.7374666898306874,0.7374666898306874,1.5195334452578433,0.7380879261534359,0.7380879261534359,1.5196123461906275
SO-trip,QZ,0.7383332061643985,0.7383332061643985,1.5214561236754123,0.7384575959019266,0.7384575959019266,1.5218466260699324,0.7380173574521868,0.7380173574521868,1.5198693834884522,0.7386564637303248,0.7386564637303248,1.5199779782910159
SO-trip,TZ,0.7386121671728901,0.7386121671728901,1.521826341838797,0.7397387200681808,0.7397387200681808,1.5228259110904645,0.7394485828095071,0.7394485828095071,1.520884370500658,0.7401314916254297,0.7401314916254297,1.52106414451024
SO-trip,CBS,0.7382157173606733,0.7382157173606733,1.5214053633568407,0.7374531187883689,0.7374531187883689,1.521142645568504,0.7370122071366293,0.7370122071366293,1.5192342422025908,0.7376146946537231,0.7376146946537231,1.5192819889113442
BH4-,5Z,1.3755283900316775,1.3755283900316775,1.3755283900316775,1.3772119387847614,1.3772119387847614,1.3772119387847614,1.3745827413350105,1.3745827413350105,1.3745827413350105,1.3761041819062714,1.3761041819062714,1.3761041819062714
BH4-,QZ,1.375593248843254,1.375593248843254,1.375593248843254,1.3777636686887047,1.3777636686887047,1.3777636686887047,1.3750409865847273,1.3750409865847273,1.3750409865847273,1.3765837139699202,1.3765837139699202,1.3765837139699202
BH4-,TZ,1.3757986149081336,1.3757986149081336,1.3757986149081336,1.3794483441498815,1.3794483441498815,1.3794483441498815,1.3767090186812723,1.3767090186812723,1.3767090186812723,1.3783188053576845,1.3783188053576845,1.3783188053576845
BH4-,CBS,1.3755283900316775,1.3755283900316775,1.3755283900316775,1.3767011232124424,1.3767011232124424,1.3767011232124424,1.3741700080228634,1.3741700080228634,1.3741700080228634,1.3756691148877038,1.3756691148877038,1.3756691148877038
CH3-,5Z,2.0069229506295496,2.0069231060707198,1.8097995401096167,1.9732995567086449,1.9752801768137687,1.778512605147067,1.9685606697971083,1.9711219522657506,1.7724331196346825,1.9639070959299272,1.9661451420000842,1.7686434505340967
CH3-,QZ,1.2429752634319065,1.2429755144090917,1.2668678309464239,1.261486211983758,1.2614864592781247,1.314938606748266,1.2521371432441335,1.2521353957953836,1.2900312642073666,1.2576436091226029,1.2576398814712648,1.304237531295042
CH3-,TZ,1.2396091416344175,1.2396093932931238,1.2573710600329706,1.2570630235718334,1.2570612829691676,1.299228611731863,1.2491586823117145,1.2491589320465462,1.2791942141698536,1.2538649976812233,1.2538652464786888,1.2906514576493124
CH3-,CBS,2.0069229506295496,2.0069231060707198,1.8097995401096167,1.9186012301798514,1.9226597187143755,1.6952520561483608,1.918699255350243,1.9239497186224603,1.7089263878462215,1.9033859676515599,1.9079761388443504,1.6862557365153286
NH2-,5Z,1.0417799289149317,1.0842357230212925,1.0552478150875222,0.0,0.0,0.0,0.0,0.0,0.0,0.0,0.0,0.0
NH2-,QZ,1.0362665871869072,1.0824307894990353,1.0534306684693102,1.0935409959817957,1.1065570488509373,1.0884371452084391,1.0646275453092595,1.0949810325558302,1.0710303326997748,1.0775095611206058,1.101069245328564,1.0794809224434692
NH2-,TZ,1.030334171028992,1.0810321284150182,1.0519490975894965,1.081351870371133,1.1042750990140235,1.0858499722133022,1.0571526781404248,1.0943004428758925,1.0702263813216804,1.0675611552616773,1.0997538262660338,1.077773386551317
NH2-,CBS,1.0417799289149317,1.0842357230212925,1.0552478150875222,1.1036200446077709,1.109006544436119,1.0910610825594547,1.0712664593966035,1.096261968026462,1.0723530002221375,1.085953489927748,1.1028134346729794,1.0814629624490633
Cl-,5Z,0.8435457577491968,0.8435457577491968,0.8435457577491968,0.8496819913336264,0.8496819913336264,0.8496819913336264,0.8447146300816838,0.8447146300816838,0.8447146300816838,0.8475658169054627,0.8475658169054627,0.8475658169054627
Cl-,QZ,0.8435457577491968,0.8435457577491968,0.8435457577491968,0.8504858348266234,0.8504858348266234,0.8504858348266234,0.8455675462374422,0.8455675462374422,0.8455675462374422,0.8484747981566095,0.8484747981566095,0.8484747981566095
Cl-,TZ,0.8436216501950254,0.8436216501950254,0.8436216501950254,0.8521401448108386,0.8521401448108386,0.8521401448108386,0.8483503826042835,0.8483503826042835,0.8483503826042835,0.851285656237649,0.851285656237649,0.851285656237649
Cl-,CBS,0.8435457577491968,0.8435457577491968,0.8435457577491968,0.8488386145540886,0.8488386145540886,0.8488386145540886,0.8438197672297405,0.8438197672297405,0.8438197672297405,0.8466121316583579,0.8466121316583579,0.8466121316583579
CN-,5Z,0.8924433017284629,0.8924433017284629,1.4747665790576523,0.895774522877703,0.895774522877703,1.486353934612407,0.8914942420566737,0.8914942420566737,1.4811180795219046,0.8947313204034849,0.8947313204034849,1.4842373850503834
CN-,QZ,0.8924909050516986,0.8924909050516986,1.4748766945267695,0.8963743623920845,0.8963743623920845,1.4868658500404852,0.8920369063610905,0.8920369063610905,1.481630730051136,0.8952800009685427,0.8952800009685427,1.484766482144167
CN-,TZ,0.8926158516965739,0.8926158516965739,1.4752503558368129,0.8981376778199246,0.8981376778199246,1.4882093764998598,0.8939046716067633,0.8939046716067633,1.4832328056792354,0.897232570591122,0.897232570591122,1.4864007667039312
CN-,CBS,0.8924433017284629,0.8924433017284629,1.4747665790576523,0.8951951275296156,0.8951951275296156,1.4859323739997268,0.8909748338141231,0.8909748338141231,1.4806957476555551,0.8942056000186225,0.8942056000186225,1.483797797772045
F-,5Z,0.7297976558540046,0.7297976558540046,0.7297976558540046,0.764389255016346,0.764389255016346,0.764389255016346,0.7503371903264947,0.7503371903264947,0.7503371903264947,0.758426607311029,0.758426607311029,0.758426607311029
F-,QZ,0.7297925621161125,0.7297925621161125,0.7297925621161125,0.7638559627900796,0.7638559627900796,0.7638559627900796,0.750263886253686,0.750263886253686,0.750263886253686,0.7578330404802872,0.7578330404802872,0.7578330404802872
F-,TZ,0.730006468505588,0.730006468505588,0.730006468505588,0.7641046606883618,0.7641046606883618,0.7641046606883618,0.7516454631860195,0.7516454631860195,0.7516454631860195,0.7586111778331964,0.7586111778331964,0.7586111778331964
F-,CBS,0.7297976558540046,0.7297976558540046,0.7297976558540046,0.7649434304795585,0.7649434304795585,0.7649434304795585,0.7504087552680466,0.7504087552680466,0.7504087552680466,0.759044021703527,0.759044021703527,0.759044021703527
H-,5Z,2.1962790355849595,2.1962790355849595,2.1962790355849595,1.0433847510445462,1.0433847510445462,1.0433847510445462,1.896274174013211,1.896274174013211,1.896274174013211,1.896274174013211,1.896274174013211,1.896274174013211
H-,QZ,2.0303038882886475,2.0303038882886475,2.0303038882886475,1.1165133187645573,1.1165133187645573,1.1165133187645573,1.8660668695188438,1.8660668695188438,1.8660668695188438,1.8660668695188438,1.8660668695188438,1.8660668695188438
H-,TZ,1.9527751296168232,1.9527751296168232,1.9527751296168232,1.1931690046886865,1.1931690046886865,1.1931690046886865,1.850879647993981,1.850879647993981,1.850879647993981,1.850879647993981,1.850879647993981,1.850879647993981
H-,CBS,2.1962790355849595,2.1962790355849595,2.1962790355849595,0.7925218369290596,0.7925218369290596,0.7925218369290596,1.7538292241882196,1.7538292241882196,1.7538292241882196,1.7538292241882196,1.7538292241882196,1.7538292241882196
OH-,5Z,0.8660453031683736,0.8660453031683736,0.932461049747548,0.918044849702071,0.918044849702071,0.9622201643954118,0.8936001764404562,0.8936001764404562,0.9491008405197472,0.9058621918250856,0.9058621918250856,0.956858322861133
OH-,QZ,0.8648082176875981,0.8648082176875981,0.9320381064679372,0.91370746597322,0.91370746597322,0.9604842155259479,0.8910001503538749,0.8910001503538749,0.9482258456192568,0.9017102076567991,0.9017102076567991,0.9552171610647471
OH-,TZ,0.8636683618901413,0.8636683618901413,0.9318741746621829,0.9104456732158,0.9104456732158,0.9602610180557363,0.89017204268055,0.89017204268055,0.9491733052578395,0.8994783444715918,0.8994783444715918,0.955600029182644
OH-,CBS,0.8660453031683736,0.8660453031683736,0.932461049747548,0.9212976216344781,0.9212976216344781,0.9635977440306676,0.8950301469121212,0.8950301469121212,0.9495751241875553,0.908920446185753,0.908920446185753,0.9581364537639792
SH-,5Z,0.9441529497767945,0.9441529497767945,1.0240412267121264,0.9501951833416721,0.9501951833416721,1.0298480296170656,0.9419756280404931,0.9419756280404931,1.0256926145387302,0.9455855242118689,0.9455855242118689,1.0283540472151007
SH-,QZ,0.9440216983234844,0.9440216983234844,1.0238790123177548,0.9510148380927059,0.9510148380927059,1.0303641414015203,0.9428318913200007,0.9428318913200007,1.0262867214989102,0.9465001542089744,0.9465001542089744,1.0289569300685122
SH-,TZ,0.9437766467731888,0.9437766467731888,1.0236899471919847,0.9524989379433699,0.9524989379433699,1.0318787485995589,0.9455414587048312,0.9455414587048312,1.0286662177142056,0.9492299774989342,0.9492299774989342,1.0313925214458028
SH-,CBS,0.9441529497767945,0.9441529497767945,1.0240412267121264,0.9491975112584259,0.9491975112584259,1.0291363431343625,0.94093954700934,0.94093954700934,1.0248990970519876,0.9444882059688099,0.9444882059688099,1.0275513222338202
